0x017eB7F0a942B30F9A3680990D769a20b32217bd,0.001188407192032767
0x0338CE5020c447f7e668DC2ef778025CE398266B,0.069298168517536678
0x03f89a59b0f0dB00a7215a7025672312B4EC98E3,0.008442081947928773
0x043bd8f57401E46a5da19545FfB50370202CC179,0.004706798831681965
0x04f004eB2431E8F79FE0c671c807eCb2F5cc71Ff,0.000744744991328484
0x052328049Cad120F993042e7F78B4Ef15140CF1c,0.017278307586143762
0x0666E704e2a3C55935E383AAD9997B206d555BAA,0.000239047802091258
0x070Fb8e20E35CD2AEA531dEBb1e4d533A5161Ab5,0.053472547077906804
0x081aB2fa7f8F4d9E89F017ca1195b0CC75245AeE,0.00000044563135677
0x0887360965511B7cB918Db24C7ed9aF5eAcbecB2,0.006475724285403557
0x099c05E9b52786c7Ac9768D145A19cc7f5892044,0.000000023901935511
0x099C50BeE65EeCDcd209C38f1207fc334ea5eaB1,0.052420528855776736
0x09b087A70087F14077101288bf5BAd0667B006ad,0.000450053723294268
0x09Fa38EBa245bb68354B8950FA2fe71f02863393,0.042723703929260191
0x0a1f2e1a4585bbf5E54a894FffA74133654BfaDC,0.14125530674702326
0x0aFDf532fDe70719073FC9c30BE1A0c0C844aEde,0.000000683247600368
0x0b1EdCb3C4Cf526B1b3b7881cCbf110C51A49654,0.000363594338189669
0x0b5A3054E7d7c25c23eE8B7fD7CbA3d2660Bc6A0,0.073936061297671008
0x0DB489929c8212C98d474F0223C6531eFe66ed0B,0.002145562908687791
0x0dC437c879FaDa4Ac7E5554b0F8F1EE78343C26B,0.337186837076503027
0x0DEdD9ed281A4cb7fbc91A4Ef7790dd8F669C899,0.034451551454176484
0x0e066ED845a6853557A0d580b3BA998b0283ACA8,4.74643975879791032
0x0eE0B4D2Ff7e7b02c011178D9440D05F50cE2EE3,0.001855073598657255
0x0f11796c594c7BDAcf600bbD46F10d2aEd2A37b5,0.007838061072178014
0x0f3965Ed57a54C303271d230C4803EB5cfBF8F1a,0.000000002279469403
0x0F46540678c7e6D2eF983B382CC07Fa815AB148c,0.00078032553040467
0x0f820E108421D97432BeF1696205aC6F9f79EACe,0.000596468541904839
0x1002D9E169D5389574c381a2cf0f7e0D798e920f,0.004028665553830634
0x116cEb3D8d258e2A97A1f05c901Ef508809f55ec,0.02720240649906572
0x11a67C3806e8fd537a9792F2d89856eEDe0F34e6,0.000337478825966233
0x128b5AEc9A39149935C0DE26e7c97b0E3F19B0Fc,0.023603110722381835
0x12db4993126eBcd26E8dFeF76Fe3aE539b47f25b,5.953493632567898904
0x14D92832265eeAFDEF9e526356FEfc90105966c3,0.124487536623368644
0x14e38E92A8f3f39Ae41C519c4F124163BB53E18d,0.000007480336832123
0x1501943D0223Db29690323B99a86A6e3CeFa1AbC,0.100430930505064238
0x157D507f0e0Ae9d095FbaEc1B525B511467f0fF7,0.003988498854794373
0x15aE010DffeC19729A410B82d51337B385a96b95,0.007997810575764723
0x15B2b1484241465e8B6C7115cdA628EB1992B339,0.00564180851713869
0x15eCd31318fa645B6496F1f21b22Ebfe3AD0c865,0.065738943952144437
0x164e8dbE80776b53f702E169F3753BCAf1945Ad3,0.00000649812574615
0x16562EB02a3C95712C10914c6c7ba0f4b0502d6C,0.004723077248238209
0x167F897440cfD5227F22349779841F83DdDA126a,0.001451721775547087
0x169833EBB85FBD3cb67eeC73Ed02f738c0017951,0.075598312020286261
0x16AFC5b17B5b3314ac040EC45897b6100fE82564,0.000003589365533729
0x173d9D3B34A8239B09b32b2367404D7ADae68f3E,0.000955820130181256
0x1759a0351b87A96220d52d0f5FcdA1F55674D83d,0.000187545699917316
0x18473De1863dE273Cf07AC38E96b4D01a9aB8232,0.000581003382251217
0x184Da8df717788dAf7111450Bf36a1bbdbF2c341,0.000004759544718404
0x18fEe6e511646B8ea2e4964277574F637Bc03f3b,1.313507202659829388
0x1bDC1bE2296Ec83Bab1e60e965732Ac8F6B0AD3b,0.000148645988343892
0x1c5302aD98765D84f980a8B382EF51814A0ed2d9,59.581508124681926433
0x1c85d6Ae1336D0e4E3F165bbfA9641bfA04CeDb1,0.00172128519881938
0x1ccb144B700EC726d37Db38c617E154De6d9c0d0,0.000784439051705611
0x1dc846C79b1Aa953846f59e44Ea0e94ea8FbBCD5,0.000144201041468337
0x1EFfb1361921130B9d5259DA5faBC91C3eFb6234,0.031857626784717388
0x1f86eee623314d7a4AC2c1e8acC59179Bb7a1141,0.000000552997303742
0x1F9B37062a13383830f860b71e5eE7E7ED4a9e8d,0.002120205335153931
0x227033541b0B3b75fF258A47F5F8368fAd866497,0.002411238618250066
0x230787A3D80733ABFA1580fe30DC9E5AA78B9644,0.001314855991680877
0x23b6d8e09CB33B1550DE19aC25cC3F41ae4603Bb,0.005279045420678021
0x240DF0da944c11428eb9F8aD197cC211fD8D82eF,0.003681077963422477
0x2418e5454B75e18a2C7a849aeCCFCD03f67731C3,25.796093648365527103
0x24393a7E6b782762567D97e3800601eB7f8E80a5,0.002536508951330083
0x25a9b8B7Ff067DF3087fa015F91654360c26006C,0.064366471659172253
0x25Da6c7D756C4B79A6aaC79CCbC29662830Ec9c6,0.197374352362788509
0x26b350F462Ae30EC1c48c36ba944AB66F06dAFee,0.031340758955864179
0x29FFeBCa51ecD940cb37EF91ff83cD739553b93e,0.000344450410666004
0x2A19c055e56e0b8A1F424552609F7a1fb281598A,0.000068462039108823
0x2B86486477D007b75286474458ED45594320a580,0.00000009526388543
0x2c640AC98E293Daa246F98D2828E328A06FA6936,0.003882361375668532
0x2D1E7B6E6284409e16991dE76d2A82847a7d61C5,0.000009498036565592
0x2E1bCe43302218d12CE9FF20D404f7E7eeFC27dd,0.000264739653820132
0x2E748192b21Cbf86b80c15e75c3fdcBDf229bCdf,0.006268840478651505
0x2F221712F94dbCF5de0e91BB84443cc043e863eF,0.255274792990160797
0x2ffe1CebBD2e6934f1A9e2BC4A0940d8c78cFf6D,0.002903935423870194
0x32FC865742C7f4c1c96679555ADD26c229683061,0.000530293091316658
0x34bED1b2f18640674107Fad120730F5fc76c6457,0.000192469891452485
0x3542b2d6172bF3F39aB7f4CBC37aD0Bb40DFe403,0.034209207611289247
0x35b8999702D562E19b2c695cCa3C944A77f35F19,0.000025202353237283
0x3871dFfe795145BcCe5e24793a82D93993550843,0.0422654765162539
0x3B6ecDc2CC758AaDDb5fF2Fe46836d6523AF3a52,0.00014363630652679
0x3c9B3d0b4A42DAA68c01F34fd1DCF8615eA1fEe4,0.009569221244920662
0x3dE6467aCE006530D6747aEC4a2a3a0e82A5F3eF,0.859019332765527304
0x3e2d5E7Fd1A97bc8baD590E68426dA5b5c295D5D,0.000294527101596942
0x3E7dfFC982E04523C4De80fa315e8D6640Ec4386,0.002831379393490437
0x3eFEc9925973AFe87CBFE219DFE31fbBA4266369,0.013269768993464242
0x3FC4B3145775a3b2d02C3012D1bd1b694b4813da,0.000000309013841282
0x3fdDeE6383e30571E9CE36112b6C70aacB70AaF5,0.007033317677160769
0x401Df948676a17cCbD2aea4f9bF55e5D4410Cb22,0.000091660419328146
0x4023E6e8730c38e3918F647f858fE839811C3bbD,0.00000002189288696
0x40e64E901284D3eA05D23925878AbD0cd42A3AD2,0.005681832264648777
0x415186E0a92973e5556F06657Ce59abe10D27ba9,0.000256065680988043
0x41caa3369c80a8FbA8cFd94b457da68F6E91C3E6,0.000021211682308571
0x422df9d812DB937c3DA089fBdAf9Ae2f0eC73063,0.012371662029000669
0x42FC62b9e79209b74Ef9eE746498242A572e174d,0.024909423625858653
0x436Bb9e1f02C9cA7164afb5753C03c071430216d,0.002021020436208198
0x43a37B93b5930A978f325C426d38233Bc464cb5A,0.004854765684458624
0x46e6F25D092AD9048A3c2bF09a8Ea02fa15F0d05,0.00021963276672622
0x4738CBd2e7Ee262CAF8dF656cAB85C1C5596a5C8,0.00816072951621545
0x47cD5c37E276249C5DF6a94a4532E991A79788bD,0.000011546043347294
0x49670ec02213a15241ae8C72279Ea67e1AA21Bb1,0.000369340143642856
0x4a1BF059Bdade2aCC80EEBf9A534267AD66F21b5,0.000421877970654255
0x4A4c0Ae7E2694F6F7f8A14C0A5d58967b54638ac,0.01070299771404497
0x4c32f7CE77908124862f59055Cdf1bda71861D5B,0.000188044500603302
0x4c501Ebd8372c3357732AA41FB351EF3Bb150939,0.000994269664842837
0x4D4d9d9E9Ca2FE3243EA19F48cde28DB8ea29D67,0.000178106692378172
0x4D6cED2B273d768DD7521d17cC3b5A7Af33C59D1,0.005122127241744663
0x4dcC985982666fE27B7E0b38AcA5aB9ea659B60e,0.00095724391007139
0x4dddafFEa0C4D6fee5afe772EA48c3B70026C09F,0.000219701743141511
0x4dfda245817891f6D461Fdd913FE9A49d50281ac,0.000005745276667417
0x4E0985E556069B3D69f4E76DB3e2B8D2B5047956,7.603438255564293683
0x4fFAD6ac852c0Af0AA301376F4C5Dea3a928b120,0.290718073233335283
0x4FfD0A59a26cB2Aa76D403215e4cC2845C053994,0.001125090706985038
0x5036B0fe506f9dfe8370b396060b4c9addAcAe5F,0.000000511888639235
0x50BBf827267C4E920B512F8aA6c1c9d1a465a128,0.002101428880526447
0x5100739F72CAf71a30c02Af20987EF3AbCFe8cd8,0.157192508302868716
0x515280Dd3A3d04f97A7a257E22826fa48A2d5309,0.00291999119495123
0x52231A377C730D4b95477eEB501Bafa175c87c6e,0.000320778268900814
0x52876dAFDc67238390477Bb2403BdC8021944ddc,0.058252907428375612
0x52D4E9c6b23cFAfA13938034814AcdAB895B6848,0.000381571525017928
0x540A623c7ed0c09E1B3916A83d93f2F59d44eA89,0.002138735365799348
0x543F39508598e746978452Ce608b50a58A7455F2,0.000817827757127578
0x544F8DC8a81EA9978B0C8E7B94eb67fA66F4e881,0.000003785031306902
0x550085094A444A332B39e4e1E7602F9bB54d15bE,0.000061072235597605
0x56fb82cdF1Eba7d9d75a1c0961C49aB654B818c2,0.001933640895009607
0x591AA259D091BA90421d9917d44587D895B9995D,0.001255517098973022
0x59b8C949D5eB9feE0ba981fc3FDAa9E5B64652CE,0.004549681870541812
0x59fB62Bc94ef3592949898c948c199Abc3990aC6,0.00176401368342587
0x5b004AbAa02e2ec4286BdDcAB04a9dbF13D2b2dF,0.000001554472587937
0x5b335A6B238e13BBD00a7BC04dFe810534da02f7,0.200435494749645899
0x5B878ba97Bae92fc0Aa6133edbF2f58D52350d65,0.006278659243817383
0x5C1b560C7A30483CF434b3e4CC1338AF52df4C8B,0.002356487661838064
0x5D11838f514Ca6b4bE4feE6a1c5301e3bF6a71Ca,0.00000411418554088
0x5db6291455A6491FF9bD5460bc34655984E23a75,0.109385664662594921
0x5e4eCC75b4C7c777ed37B194882Dbe8392a970b9,0.268013160921111489
0x5E792b981Dabc144828330565C481FD3B4701C16,0.001305682201168882
0x5fAf276f6E3e0b10213f8A04BD6C872f8752949B,0.000124046773870837
0x61ea25c24067738f1f587cC9E9784A7939648559,0.315525031928516892
0x631d53461Cb3ad21ba4924b8Ba6F53F5BDCa78d7,0.000001296542673508
0x6343d957431C0F43305C5B4Ea4219b6831f2Ef11,0.005836726961817271
0x63b30a6b8FE7f409D5735D6D5881fD25E74496Bb,0.362918020737919286
0x64372466b98068F476ba72064dCB993064D562A2,0.102009547785337783
0x64B71F8546c4fcf06fC13294deD73DCAea3fc241,0.022911250714626727
0x6502bc1deeB61C1Fce5151e90bCBE51Fc75CfB10,0.358134938569329124
0x65A3684858B1156E3d2d2B49B00B12Be74E3e6F0,0.000006692030783992
0x6626528DE0c75Ccc7A0d24F2D24b99060f74EdEe,27.533574889124991519
0x663F24E3f4EAbAA9E3B820992083bF0F52f77BBF,0.007545158771759125
0x6726Ae75dFba806A62470A1928Be214e4a0cD706,0.000028107121781667
0x67AFB2288621c20E4872F6FBAeb05Ab566CeD31d,0.850126139310296672
0x67B10E5e622F8E34f0BE1BFD0f4a88655C769d3a,0.000840043853379
0x683028Fc63477B8A702CFE7475865952d3E8ac09,0.000440534148649478
0x68559965744aE37FC9899AcA6ba619a7D4730f65,0.000034151165039809
0x688dB0cd51b9B93E7014ef7E90A0E72F19bF80b8,0.000004922510760917
0x689cC0Ea1140546a8a7985315E9C8fef7e0461bc,0.007913620166871453
0x69887e2DA0722401fb3d5618848683C3e922cCdf,0.001409878254638844
0x6A0491132aF4d0925F857A5000bb21e5C5C195EA,60.771342938690534294
0x6a1afc8a229d820015361Da64819e64E6A0258F9,0.000673970386919172
0x6e1A61d1EbfED848Dd916939Cf637193BCD8236a,0.001592107942467863
0x6EAA11eec98c663ba096593cc779217A7e20665a,0.077713159059054979
0x6F4A8930Ef9C175eC0F3F63A97686d5c505e0E32,0.000007830526771307
0x6FDE7365bb2C917F8fa5abF9b0bda079b264304d,0.002178304590128313
0x6Ff1dd1443289CC30aA3A010b6EF7BB4058D8C54,0.000077637546256451
0x70A6486d70A6bd00fE48880278564337B7f52D42,0.028270201234921873
0x70c5e0B8f2b0DBeA54aab995139fA3c100901CAD,0.11871308361357495
0x70eF271e741AA071018A57B6E121fe981409a16D,0.00018055502864468
0x719B8BE8E2c3f07575d41A2580011Db702029E5b,0.003522823130070985
0x720240e96feb3D617d999A3CF3b92B641114FC41,0.000006574980923496
0x721fe3a50b86469D0295dE9595464bA7396e8C43,0.000011525847045419
0x73B88Df8b69f7d1b56ab6C4a5Aab641f5cA46698,0.000068039946021039
0x751f556a157f8cb70d5f37086664b437F339D914,0.009217978055250056
0x752087ce92821c631ab223c487b9771a10C3595a,0.019310039435136594
0x762697d463D053Ad1f9A28a5f9EF439a7E35202F,0.000040271228207599
0x772Ccbd71B19c2385Cd68ee5257d1Fb37ed52B96,0.023116729953248551
0x7758CE82Cd9736Ea564b5De2389E9eC39238782E,0.000006802480170721
0x7840A48FfbEc460b8D2d5A3b447e0a2cC0B95cC3,0.010002549302117638
0x7870A26b7C9F521e184136324De1C2fD0d714DD8,0.000816577221792786
0x78E87757861185Ec5e8C0EF6BF0C69Fa7832df6C,0.44302715081966936
0x7932810A66FEdc6c72a2578Fc83F44521832DEC2,0.036800957417074374
0x7A0Ea4409C480fF41bC8211768fB8947c20A91eC,0.01177350450001957
0x7Ad5583713ca971F2aE1E0a894486a9406179eca,0.001686623448132383
0x7BA7fBEBF45a83812f4E9bFE8FeBA60f2dF258e5,0.140062620311520319
0x7Ce8bf70cB1b74539112134E007e09837fA0A112,0.001246666807832527
0x7E1bDA944017ab34fFe87F70944AfC465E940F31,0.002200129726290187
0x7Ee567D2AC5dca4c422281Deb1e2334a805BA6C1,0.008025581514381785
0x7FbD935c9972b6A4c0b6F7c6f650996677bF6e0A,0.118454386002071067
0x80049A061dAb3B0DE9A2B30710ca860d9e43A1F9,0.000482187234039719
0x813B0B4F232444834CbaB5B4146eb8e48B6843Be,0.000008885147440209
0x81A5f3C04f2a7558b0f7FE7BD0C9F40a52aAfeaD,0.053945493071668395
0x8201933A1F76b2B93e85aE797DCB981D817B4c9F,0.000254772365454936
0x82bd6aC937AE1316132E10560a755806fb6D6e66,0.000000007034095379
0x83c3344D30415B26212fb3512365Ae142fa75F22,0.773370727042423882
0x867e84EB2789c95eEF6d6991cC4bC6B48e1519b8,0.018109315272580401
0x86Da253817DC599059e3AD5A1F098F7b96aBf34c,0.065094962576420404
0x8758E5741dE847363dD2715a62431cc0cBda4cA6,0.000330096583850746
0x875e34f54c5b17F747e6108c5244bF967b1289cB,0.012286594981087138
0x8767b0a6B4Cd0211d6AC60dbD3741A515779f4D8,0.090743292489914759
0x88620b600aFF43F796E7e1ED1335286c29eB37A6,0.000002344936827441
0x89951bDa1Ac29770e0bc3935a65Ba88B1d622c1a,0.000014780405528513
0x8ada0Bdc001a06150eff088B7aD718348a5e53C2,0.132838119730673424
0x8b0C18d9225900aB042A4d8667cD114AC714346C,31.460293764021692739
0x8D071fa6905E1fB872903603A6239947C03fd450,0.000348658880148762
0x8d61eff2F1EED647a5948E630334975dAb07EE6f,0.002250286148187831
0x8e07E61216629d0Fe9E8d0334da6ac41A8D11B31,0.004509801209679858
0x8e3FAbF5A1E4B773C227d2646EB2470263D3a1bF,0.124100623476048229
0x90c844C636989DC908e5564C1ab2Ea3385D3E2f1,0.000161772325656455
0x9151874A66F9A67c4e2A990a8E52dD776F88bDE8,0.000008785338324195
0x943Ee0d1a2d7B4E1E442ee8F8CF3A1Da94FF3C6e,0.000018098467310368
0x94535DE0Ee84f36343c539285183a98784f5257c,0.456591265255503715
0x9526818A8F5d997652c213A28CC532Cf6B709aa4,0.000084342178053234
0x95577b29A69FBa8ed9373b9F194B6515A48A82dD,0.000324605923998112
0x9832DBBAEB7Cc127c4712E4A0Bca286f10797A6f,1.579659768592562231
0x98436d660A50AA5fAbf82C07aC6e1d9190Df1972,0.000350600787168321
0x98BDA51dbBC02bAa11EF3D968D86d283988520B3,1.895583867622260675
0x9A4B0dA9E8e5c7135cd7188Bd2e84DAc513C594b,0.447043137704812511
0x9AE494FBAc34682c122A1D4e3D6ae1Eb5404A469,0.001117967352284409
0x9b04A9EeE500302980A117F514bc2DE0Fd1f683d,0.047917111804472784
0x9BDbdb4A8f7f816C87a67F5281484ED902C6b942,0.000016198680084708
0x9c1aCc48a00FF2E5aC1b567Af904f9cC3Bf8dF7A,0.000134782050190542
0x9C5779B16e8600492c827373596b8f44DEb21CCE,0.000104561306856852
0x9c754e1444fC2D7394cCEbb339670D9fEa573E4A,0.64096950700643969
0x9C7B84BE5D69BB41a718A4aF921E44730a277F90,0.025264702282968065
0x9E776a6Ae06d886c1029bb85558B53d73B4005B1,0.000068347953893848
0x9ef8fFce96534ba1608B1D8Ec7701795A798418f,0.000183771602806761
0x9f2655A391d89E27A7624328D0c0d0c9C7be924d,0.000450087670518122
0x9F80Fa53ba5b2F1f6E198c1C66F539c90cc2545d,0.000048318337893401
0xa06ea9cc58D0d50C033A1b55F1399fb6909b65AF,0.000586794997406725
0xa073Bd06DC19466F5122864a80FAFf5D7Af9123a,0.000980234676332566
0xA18603f5957ec762bB8dDc2C538167eA6f4db7A6,0.000197087184921618
0xa1945b3cAeaead2A5e08b6b7dD55B796Dcd0C5D7,0.000012362973696827
0xA1B37c2B7ae306F1D4A55968dF09dfc3e4DE1Ee4,2.079413685401895624
0xA253fF30631DEb0c1233E80154A95892FFb805b3,0.000782833964993034
0xA270f5649A42feDfE66ddb3b0b50bebAe1e3DDB0,0.000012709237230936
0xa27214ab72D666a9F6e2a4Ade0eFBc4A2D0E66F6,0.000109738320949047
0xa2BfA5a2EA2E032A82E948dAD4310B069a9C8ED5,0.00013451594418385
0xA38D3EF13046C3c3124f1eB1b0b96F04F2d2f8f9,0.000099337017411742
0xA3c7a8eAF23D2dd89ed81E19a5de8C84E26B0c4E,0.001065258694701216
0xa3E1282ac6116A698A49b2084c5c30fE1947b4A5,2.058081182607765267
0xA42Eb15294Fc798084B7217F73693c2239Cc68fB,0.000911623609319419
0xa57C4C57c023fAadb4a75f20C1Ccd36666889C1e,0.002413192203513041
0xA64Fd1130ADaf4c3805bfda95C575E7f28a05499,0.05491871765598822
0xA6cCbfb8dFDE6Ad5Fb2EBDD078EfE48945BD3391,0.16795253372763636
0xa6EB9c5B8Be18A1015EE6BF3698d927b982B1676,0.000001093785805806
0xA7AAFFdEDf9b3A0bc0a0EFafB109a44f316C423C,0.000028796453855559
0xa802018FFed21221586Abd98b563DcF72c2FD32a,0.178553063500894423
0xA80C6a8B0f346B31f4112b965DB40D3Effa00D66,0.001546673692707753
0xA8243199049357763784Ca3411090DcF3c0cc14D,0.000002765849287957
0xA8D52929426Ea9C9660E0188FF3D4328C079668C,0.000001322458753085
0xAc7995f3cEeBe1063E64da0dEfAfb2B2051E3CD5,1.792577044904451103
0xACa490B831ED5c2c0c94EEc512e0D2644F5692f5,0.000000256784244277
0xaCCfAA3a39F3681E07F5D6ECC0A9cdd86c2eb775,2.923587706985453618
0xad7575AEFd4d64520c3269FD24eae1b0E13dbE7B,0.001608513878760218
0xAE4076912111A01da810Fbfe8cbD9ce0b881fF78,0.000652367707482282
0xaeD6B31AA3A14B97c8216e3955539Fb43C8763B8,0.001054247059945834
0xaefcD0F8a1cbD231CecAA9bfd9Ffb82a6eaaa462,0.033712252765633142
0xB02a2e83b9231bFC92D2D66C4EbBDBcA8C540443,0.006397369497919084
0xb08794f9eC5b5D19E88673fC8763243c630E828d,0.027001177927353649
0xb0a4E99371dfb0734F002ae274933b4888F618ef,32.728218549106201081
0xB1Dc2f0104EB433C1E4D51544fb28A0aCD568A10,0.000002659935157901
0xB22981bA3FE1De2325935c91a3B717168fB86714,0.000555742082662055
0xB3DA1b8a363b04D7e628C8f40E55368156949e3e,0.00226382989606308
0xb44CF7d64a823334DDEc45d1E40fae4DE491BDBc,0.000000111658986557
0xb4633912c7374cd94D8917a167449e23b46d0AD1,0.000067441722235645
0xB4AE18A0EEBa9448e5257a82c4347cBd655e84b2,0.000671271283274214
0xb5bB41101Be11AB9FF39B3683d287F75c53d6979,0.030620025762448459
0xB5d732D7D494D915BC4EdCd8B64Db756d2C91CFC,0.010680050889974795
0xb5f1FAB5832Aa0b3F4d2563E684668603504b999,0.003170543053463259
0xb5F91Aa1b639d6dA300bCcB87387007D99023302,0.209495191890916836
0xB6379ca4Cd12FA938250e89446BCf3F7D84A48f4,0.000653083215735407
0xB8968Bf7249B4dA9C54512538027362AB3952D84,0.027779693906205749
0xb8aC6ef01a6191C8689AD756B4a41dcaD7021390,0.058353193514533142
0xb90829B1e57C04A77C5740638a6D8EbC32B67e92,0.123071750638728298
0xBB67987C040619842B0F8B0257BDE63BE842b27b,0.000000007223996382
0xBC34CB7C23Cf90508464D37eAC241613e4487eDF,0.000005234918585904
0xBC6e0e589845f9a59Fa0DC47Cf4741e0233A9c41,0.000421935030597678
0xBd5f593C86319523e6E8AfE60dEdBEfaeDBdB8C9,0.000000334088989882
0xBE20AE328081B014A5A657d2A0f8d9D2ee946aC9,0.000200142268677307
0xBEA6f4FFE28ec2DD47138678534bFA828015c9dC,0.209839176319404276
0xbed58fA67Bd966A40460b42f065DccCb0fD4fE4f,0.000394840743268322
0xbeE87954662702715A596345B7eCFD67674db2dB,0.000377784115053331
0xBEef015A698E4f6EAbeA57BEb8E628Eac3B8933d,0.000171852461813253
0xBFB8ae4AdE759939847C27b329eD5C18BB8ee0C3,0.000000083433920321
0xBFD06C3482785230387481B0c7d53B7dd216a651,1.221506241163960132
0xC15d1cE8C41ce2Dc01FE68544a93ccb8c0FF31cc,0.000458833499581222
0xc1E8A62e3C7cBc093FE83298989dFa41F7A915bC,0.004184760299155434
0xc2323FfC89bd0DaA790379D4F1b33c8620c8761d,0.000076950467154267
0xC2C79Da7B83dafC2Af95F9d3CD2BE48934b9fD8B,0.000077989333343268
0xC3515530b15fF203855D8E971a1aD03cA2fd26ac,0.000542787299237101
0xC36C8Db4A5Bb39a1B77E0C478B9614b2ec142c3b,0.00724039352909682
0xc36Ea7b3f0BadC0f4e3C505f84068D6bDB297eA7,0.20018165796718629
0xC37D735a0C740FB203Ed1B7f777EEEd6fA2BA0bf,0.000006549187569796
0xC4E1C8152EEb4b45b9D83C1fAa49df092dF08d51,0.009601123990878951
0xc70c7f140d095381bFe45C9de8F16F7548547832,0.016996216607168711
0xC7608af736ef7eD7562c2b2AdA11b92870753E65,0.019271098971469317
0xc80Dd50FD6702F81dF2F02221161938bEbbB5CD7,0.006183730718090375
0xC8384fa1486F3B956493e589C34A78ffcB625b65,0.00000002537081787
0xCA0e452B200781C3d32FB64c60bEA396441617c3,0.000031743538733332
0xCa42438C22a1BD26d48CC86aC669F23ead65e2c4,0.000060747834970971
0xCaE66CE3a801a02108ebB2C0AC2be9aA4028401A,0.000649079787197378
0xCc39aD64058d0f1E7e930a8F63F5646f01884184,0.000420789882304465
0xccb78FE2dAc3349CA4415815A74e960FDae53355,15.403545948625067361
0xce66C6A88bD7BEc215Aa04FDa4CF7C81055521D0,2.187106414549587023
0xD0cf0a50568D84842A2995ef6D94577C3dA5f777,0.077652490737989803
0xD1392266409e64B16441A9eabAadcff4eECeD219,0.000000404181682432
0xd145860c3cAD12AeEc9D8021d36B48d7fAd09454,0.928706495289407805
0xd1D8e452A864388280B714537cBEAD6Ff9E28530,0.001207330684719535
0xd4DC77165051bc2AeAdFf2C8A681B87163E47820,0.195276628599239866
0xD4F2BE5f11Cf7A2Fa53fDf0E55570851088e3DEB,0.000000031081405794
0xd61b13A235EE8cfdef89337bb425D9323895c7Ea,0.000435979004490251
0xD6c23E2c0E19DFdF8638b076F1d076f7B29b74e1,0.011312812357901473
0xd715492A646820C5a446F36CF278c4a9804ab5FC,0.000072790597975685
0xd766d89d3492Df23F2b5A6DF1720184C725D9f48,0.063898212144408341
0xD7892339a019240e6fb4d15554CFd015E81023a6,0.009210226857082705
0xd957F95C6205dc2636e289C9A084E741d9A628A2,0.001395963037546176
0xda7157eEba3e91daE4d32aD4a8430dB15C20a001,0.014843150570246884
0xDB0132c875eA7A00c4a6283da592ae6500205396,0.078946263768361958
0xdc502e12488468e55ecE3CbAD60E0b5E288b2fB8,0.000191095478760701
0xDc72393063590f500858BE88A06917cCd18a243f,0.000154240395742695
0xdcb48866a5Cf353aCa79467EFf1E0fFB2EC9a1eE,0.000844653790847556
0xdceb0Bb3311342e3ce9e49f57aFfCE9dEac40bA1,0.000148412181632161
0xDdf900f5CaB4D248D0306A36e9bd5f78991e65B1,0.002568354487072968
0xDeBdaF2390372E715C7F396559d1BbE1b69B53AD,0.004506208170545177
0xdec0DED0606B7d0560ADEBD6C3a919a671dB4D66,2.586009986205237768
0xdF08dfb2752C2bF55facc363f1568d4cf9606110,0.046171423335512006
0xdF7495fc2EAf599A8105044D480Ad5C97488a5F1,0.000005939396453114
0xe07E487d5A5E1098BBb4d259DaC5EF83Ae273f4e,0.004048953017009953
0xe095E944e95aE800423dDE7428651b4ECa3EeBe4,0.005203562884068715
0xE120ffC02ff9E6685aD3D65f998D8e40b4578A17,0.000029631990040816
0xE2313Ab106fFb9196b29f5B8880Ab474355deb90,0.025889405252584847
0xE2B52Fc1ad49B93F85C45315EcbAd740f17B0e8E,2.31374018214655732
0xE380c7FE194cF2afE3477044D3c6F5D4f82343a7,4.485744825326913769
0xe546E60D8cc8a85cF103d7B174bf1692DFA3f838,0.000141254630761888
0xe54bee8258A2fE65095516f199034a08C02E35fE,0.00022658097718746
0xe56FF588483F3e5C214eF568643Ce47A828a7fbc,0.036118000983118066
0xe5F470E376554fB613A43FDe223e40a3bb338765,0.002989078503930078
0xE764AA4760Bc87466601a14Ad0d648C86dcc4763,0.000259392364357975
0xE805B7459Fe13F42E91E9282B8b4af010C9391C5,0.000173826455013535
0xea7A42D29c7Ce1ed2c7F69e39152Cf1840b0A964,1.232394022178698443
0xea96EDdF997B45E22dd7cdB0EE45744f53e33693,0.159187017030239265
0xeaB998Fa7Db98bf17788cdEAD7C7755120a55281,0.000806280035868686
0xEb0A73934c99ed7E150F343bf2F56c662FeAF2C1,0.002610023068976829
0xEB23924B746A43Fa1143D93DfAC712b9Dc3fFfC8,0.631185429570457144
0xEC8911Fd037E39F37dd0dBCe093752571880A8D7,0.000000385721050301
0xeC996ca1816C012C26F6b0D8B0360fba293D275E,0.003502194870211835
0xed8DB37778804A913670d9367aAf4F043AAd938b,0.183587826301677158
0xedf4FA418216A13E7629fED73e7448985CC8Bc82,0.000013255476227872
0xedF55a9644c40E90d998DAe47249738F8b780348,0.001737126137795446
0xEe848A515B6dA28E21D26021898AE0e14b256db1,0.172192638255730297
0xF00F24f0e421317826487248612D77453bcC10fD,0.000578273406553592
0xf039e5291859d1a0b1095A2840631E8eBc00cE14,0.021504062195471063
0xf20CCBCf99e77b0b795d84792a3a080eC9CF0a59,0.000878478747358969
0xF2dcB3440e4884d24467280E5c5b978Eead25Ce7,0.000279761001609905
0xF32B6E90A3Ff5Bee0dAD681bd488cf9A023d090d,0.045674263259963709
0xF35ff4D28E3354d263e56E60B99c34127b04b8e1,0.001970964577491233
0xF3783A4f80B2e06A6addc58D4d69B3a04aC32971,0.023762172095419962
0xf3eC5e9442EC438892113F98491e0f7317c6f088,0.000254960705619183
0xf4ADC8369e83D6A599e51438D44B5e53A412f807,81.771727119219178387
0xf4C293fac665321d4BE77907B83F73961cD46ea7,0.001025661067198179
0xF5445C0e1B54CE6f6Be135CCBef3FB0d77c6241B,0.002096035930514288
0xF7B18e107eb36797f4cE36dE756630B9C30969ad,0.002986918250655978
0xF82ce7B9692a32C27FE5477b6C85F163f2920eEA,0.259268805593210543
0xF833660d4131F6cB847b06AAB075851228bfa383,0.000005383229692171
0xFB9A4CA1B9335Ae56314Acd4F91a6EC3E9681160,0.001538935041667354
0xfC67418ff4fFb7F39769587bFD425D750B9f0663,0.055097483798616625
0xfdb6508be17E8b19BE8111ab235c69AbeF2E3Beb,0.000031153666673247
0xfe7364a43f1fbe03f7Bef8980a55e2ad3Bfb147A,0.000100096526950173
0xFf1d3A03DfB97FEe7e96FFdc081b3FCb63a86D08,0.001224190129570427
0xff6CC994776B77F3B309014DDB6fF09584FdE195,0.001043866546357969
