0x01096756634a780D9889597A51cA08F9797EAEEd,0.000041511075643005
0x012430f934BC381d9F59a28EA34363bCE170353D,0.06011359707735853
0x01e5Fe707aAbC7Aa1Ec5f30FF44dC50D9a5A520C,0.00000000390651691
0x03064ED4a2BfaBf4B6BE95D91E81238ADfb170B0,0.000041543172876323
0x035110dA0507fd99916c25eecFd1F1946a99741D,4.061354869240605852
0x036AD8BFA15035AFbeDE9dFe4d116691c2a7528A,0.000039625980761867
0x039977e493bE2c76540b540EEd9acACf8B7de30f,0.000040082625846301
0x03c285AE8f5CdeA6a140DF8C8984efaF5AB9DA24,0.000001016313348255
0x03c6592bC87E7fDF583B5337A0e344B832bcBdec,0.037154355240354052
0x03C69B7524f182c1f199117607b281a7873c3960,0.000039650717950086
0x0428123A4c1Fb394D1984eA4ba8226dD8EFD42f1,0.004153960726028151
0x04fC754f818f0c7e4E94bfCEA07C1CAa043022Ee,0.000039051211025105
0x05c1Ff33107b857c4FAa6F1425BA78e98Ab74E9d,0.001495523366926835
0x06567A5f553B9798B4bD5D14c0f0b1ABC34183fD,0.010158954178607841
0x06d3E6Ec4685E1E1091479387bD730396A6bb611,0.016787110090168629
0x06d9c8b322D96D4ca481A101Da4E836DfE2E5cC1,0.041399570594320166
0x06Fa1108f0444f24964d2867E6a204957753b6A2,0.000037621092520854
0x06FAE78E039C3B1E99B0Eb9bDD50C78e50971491,0.000041448748506278
0x076EB2BdAe2a8994001562612EDEE61213381A8A,0.151078912138648475
0x078Ca6c302F6f30285b76099748d1197Cd5E7b52,0.000039001716500893
0x0838515d1F9B9a674dAe14F3F71CddD39b005486,0.000041953675847813
0x0866f8D156DDdeC441a333117156A4fd23aFEE62,0.134599279688967205
0x08FA62A2a936AF3cbe95cB0fD43094BE06FC9290,0.001708813902001936
0x09135241A46C54eF5A8D621b64Aa161038150F20,0.000041953721023983
0x098e74d93FF3603f5d9B35b4d923c4c95CF8a903,0.287199226326400585
0x0A36d8A4e778b674899c8459D49e9374B5A0c743,0.000000862063160587
0x0a9C798069622553bce5e7eE39f8dC91F391E2f5,0.003469938154749673
0x0Aa08A5A45F10e9E1e2E496e6028bd72AE448C10,0.026793617224213387
0x0AbF1f0e3099AE156791113D170C0578a7ff2ee6,0.006809916130832593
0x0b64Ebfb2694cF6dfEb6F5980Ed137849C5B246A,0.01058866929033087
0x0c4515305DA79e061BCDc0Ec0715af5b63f0ed48,0.000041014367419279
0x0Cb00c4E9987691A917b3E7D30c30826625A6ba1,0.000041509058139087
0x0Cb64cfEc39e4051254EA04724fE51632dc02789,0.000042082842319205
0x0E66dA4bC7DA3d307ecA892Fc5980d63ca187547,0.00003875175241749
0x0e94a756050B8FEf0b6B15D5587b4d83B546D9Ab,0.000036560956741259
0x0F1e97165775d92466Dd834fD3cC4e18E5D04056,0.000039901225666644
0x0fC8B153A114c754091155cF707faE1a1A72248D,0.702856847316912488
0x0fDA4Ac09a12C10FAe30E429F4D6b47C9A83c87e,0.103710304166653973
0x0fF19170e120F9F4984504b58247AaDE9004E4a8,0.000000527953630379
0x0Ff41A6D91E45f271277420BeDaF8aB0126bbA22,0.000037621092520762
0x10aB83Ec7F07f0E14dB916f048Fc6b8f884c38c1,0.060799933074871669
0x113B64dE9690e22494dC3C4B6280156e2a25c487,0.064425868361791601
0x118c75b8C44E473c8494e0c4d43328Ee8ea6b92E,10.93883239765686534
0x12307bCE1438923703C7Aa09864dD77166732b6e,0.050063138344522812
0x1252F0767331F865b7424D2Bfa70A1B5F0e7c24c,0.000038752566945736
0x125c7641FE346f87897390Da6dCa2B52b490e934,0.000039590460467729
0x125eCE6B548e8F71CE70684E5f3f636a84C71283,0.000038849364680093
0x12ef34f55bFdE2D0dD9A06c4bb2352E5D9B8c988,0.000039853211690469
0x13120F5A2636171e12eFE995Fb0AC45594951D99,0.000041448793730852
0x14C71ca9B5c0E14f1CAEFf900C3Ad18A373a6AA9,1.484831222008237408
0x15800ae5676031B141ca88C1cDDBeCEA19933a67,0.000885036595381988
0x15A79509B9d8D17B68b7154dFE5B54E968f3FBD2,0.000039739565716386
0x161D9B5d6e3eD8D9c1D36a7Caf971901C60B9222,0.323386927164069432
0x161E190344884b1BC3f284e15f8b4cb804fAa83F,0.000041276313982367
0x16894007836e9F29A4349EA4422aE26db64DEF0B,0.001938645319924097
0x169833EBB85FBD3cb67eeC73Ed02f738c0017951,0.42664514512235299
0x16Bc5491100cb2ca0AcE51fc5C17f0dba9444592,0.000039853255446737
0x16C5d7862f5E42B578c5B86bDF1F3887Fdc0F412,0.539551239323249487
0x16e341883cc8B9233cf3F55d3c808C9E82ea9eBB,0.011915239732402741
0x171E96D96797cBA2c7bD172A3575Ceb7D1879d38,0.000041561693597874
0x17ad6e6E13177920C15c814F59664978A42a66a1,0.00003989652775861
0x17B39c845B347b9384d0C08B34DD7526Fa6ae43a,0.000040980762951938
0x19da6e55dA5B0e982eEED5F885011B1b3Bbc76C6,0.061052310703773137
0x19Ee80C734525aA1335B317C999aD28164397c3f,0.000040095827309275
0x1aCfaa8d0Acef54604C987Aa52012dd18F6faDdf,0.012993087771492282
0x1ba476217793DB71986d0593D42706e8028CD3F7,0.000000462966078396
0x1baF86B552145280117CDa1d3BD44405C2f0D075,0.150945378493563583
0x1bCE1136A3f71875b3cFA77a20C9646AA5f76628,0.156260421305726021
0x1BdA066A387B5fEA4925682Da5383cf3fd8Dc12F,0.449342670921924881
0x1c5302aD98765D84f980a8B382EF51814A0ed2d9,6.192876417779930775
0x1D18A2a6780B313036d409818838eA6F0cA9D4d3,0.000039853138938813
0x1dBC1D08D139254B8C07ecA1D9FA714a45D15dc3,0.000042707793765886
0x1dc4d95Dc2Fa3d01f2F46167d208162F5C7C0e3f,0.000042591008589866
0x1dCBB7863137b0928AC30D9e834fFe166c0772A0,0.001832381246579672
0x1e81eED69C5357713084C96D88c1C4c413De6e7e,0.088863983342020115
0x1F58410eccE3F3f9c5F8D87Ee0D9AeBe5694125a,0.01262671753402661
0x1F885fd93C143d78269fcA6d31a6c240Aa1d3303,0.006432859201443368
0x1FBea51495e359b17c919AEF07035fE045685279,0.021272965209957356
0x2088DAdbd1D068b8A80894A4bb56BCD575c4AfFD,44.458980532612131656
0x208bffA42631e6e5DF62236dD412e4792CC8f259,0.000082327672501664
0x20eD7B39929288FB4a613851475dEf920d9eB4b0,0.000039697979525041
0x2164D11A23268f161AB210Bbb0bEE7523732014D,0.00965996102869669
0x2186473547fA23D3AB86dA9EC53fA56cC55C7e0E,0.000514388074834867
0x2295A0fC524C1a3c21bb8A12A48a1FbdF1102361,0.000041186963465757
0x22baB322a1bC985D14a01413947B09E955268c3f,0.00007730473276136
0x23cE144aa082eb38778AfF2379FDBeDB9aE057eA,0.000004083481727889
0x24193aC8af93Aa272eFdFbe2dCa4786cBD9Cf079,0.000039853187483618
0x2460648b0dD9d40575687E3fc431FE48a2b399c0,0.075039002280241485
0x256aC3AcA4F79400bbC47E43baf2148C40e5Ff8E,0.060512045669080132
0x2573b88C5892bD0803a67b9CBfbCe20506B9A16c,0.000041655569207836
0x25a085F16F5cC4660951ace67E6E0330D86eC980,0.00003878315116542
0x25aD2667B19e866109c1a93102b816730a6Aec3f,0.002412258622052899
0x268EA918397bb5180E524513a23BF7Dd57c5551e,0.000178705621072624
0x27d16E0eBac37EF8e97dE8c550cddd82049ce072,0.000038772183811157
0x283F11aF2744282192640BB174fDbeC4a840a23e,1.038283087178324234
0x2867f6110cF6f610009A3842b2D8A9cEB5AC2192,0.000087782749846603
0x28BAb5CECBd39870Db7daa7Ec29Ba219D0865804,0.010824467638776599
0x28D32bed87d77A31B7F30877846564F03b96820F,0.005648062088614851
0x2949d0157Ef65a9226a4A0E0cFd0Ac52433520d9,22.965316918843001629
0x29590691250064AdC6fb986053E374d56587483D,0.000039896149923226
0x2972a2Cd1E944a8Fa33cE3CB6beD2a55Db06b2b6,0.051506280325216068
0x2992dBE6203175fC8AA8fFaC757099b0DBD083E1,0.000041222345796178
0x299C43589B72FB42a9167Bba6Eb45A5284ca679e,0.034863281817466534
0x29f46A92078f6011A47dF128aF735208782579bF,0.000516898593275768
0x2A50d9A90626AC31fe187E6d145167B6e8355DCc,0.193942624128349264
0x2a7b1614B56D08Bb8E4682a630Ab7d98499E18b0,0.149734997915780711
0x2B457D86B3B14507bbbC5018AbFaa360ff65Bc5d,0.00004129949533133
0x2b937582E90CbE0CDCfD3436559B54d6f19676F2,0.000040002593762153
0x2BbDBEcE0dE0e4b7F5b74A518777e4B055794977,0.00004199773007461
0x2C9d1528e2220612046e111a9F609a7045d8779A,0.029628537745374164
0x2Cb3f0059a710E67d276Ec4fBe6e85cB87fe4fE1,0.000041363505069184
0x2Cb415b726A63472a4655672634d43e02cd42Ac1,2.328007707759671682
0x2Cc6D7F253A01a50782a31F0e54DB08999c47B81,0.028959113663929436
0x2d7CECdB0595F89B92A155E1170E0c2768ACCC16,0.192415798144194187
0x2dD5904c38f80BcC5B58a5fcA0B41567419Cb3FB,0.000038755820528841
0x2De09Ab6b6192Feff87e01fd09D05c9E3674083F,0.000041221692267964
0x2DF7C8A7B4Bc1C81BC06Bd2e25E909d610F88f67,0.121107851174632419
0x2E2730195261F3858AbB1A659C00F2DD86260799,0.000037621092520854
0x2E65B66a96712a522d31C0F997c3304844b320d0,0.000041063167853454
0x2ecFE351bfF74DFB5827F9C922C469fad08ecfc4,0.00643235531220058
0x2f3218E0434FBDa514552Fb8e64c90025a45bD52,0.044329125529030857
0x2F5714bffeCCc892042Aa1359fC46483FD632a54,0.000041953811376373
0x2fED15A49F7880B1593248493342D99AD052679B,0.000041064635417691
0x3015b2dc2a1aba39cE193ce4A88dC031428912c4,0.00133312616883122
0x301d00171b57e15fF00A5B83F491c162199D1Acf,0.000039000880793935
0x3102Ad6a9360Cbb12737b8C9fAe7666E0F7D8D82,0.006038361029432344
0x3104cfC120FC03aeeae88380C03E1801D434753C,0.000046237551630729
0x3166E1eFC14aA367E882ef77bf7DB012eFe8009A,0.000040002714287712
0x32219afE1B60689601adE6B3b48Ce2a7a9FA3258,0.000039901244964776
0x326fD5e844D1818d7BA1e3A038127fcF6810bC98,0.00003969800413488
0x32BcCA9f63aBE93195689f6Af28B5677c39C8356,0.001201034222697958
0x335B27dc1A77967BccF7D04Ddf0610ADff3bdFaa,0.088175460163277726
0x338554EFB1b70200CbCA63833aC1Af542c5C43F1,0.010180684249348411
0x343969Cce3C1491Ad2d768143a1507d58456D210,0.000041064146220863
0x3490995F33C98725b0B324392180fC75fdFCe269,0.000055634408787598
0x349A98b79b0e99ca00e9CAe0BFD7bb640616A730,0.000017878528171542
0x34E467c9A3B3C5767539AB3Df5A49314d8DEB466,0.119957036856662408
0x355063b32d9E3429EFbA61212230151024316c6F,0.000039853119520857
0x3579A97778C8cD9D9DDc6E4d8A2ce31A2b9Ef046,0.000039896647806313
0x35A26Eb17D48E68b84e88c9bf5ec1ff62357D57D,0.038077559556083962
0x35a7CA6797E10dB33592a1cdF7DB4DB7424aFefc,0.000040542879682871
0x35bC0341Fc3bfFd1A11c5d87724981bee7696B8c,0.000041501078727433
0x35da61143072716E9CA1DC688E9B04145314E8D1,0.026800519824407256
0x366b862656D5F06d506D6FC2C1e31425C2cCFC3f,0.005668779882024247
0x369eC8da91852978d39723D12c7bBB5ff6CabCFf,0.000040541453029349
0x37217CCf673A61673Af282Da7ca0798f48fDf658,0.000006972317457132
0x37ADC5d1FD22CfcAF530B3ae5c40d60ee54ED720,0.001711246048974935
0x37E4BaC8ab9433acCA9B62DfED849600fDa5eAF0,0.091679687469958396
0x38BAD2fae1bB7A82Dcee764Af7f10A267bFBBAcb,0.014070391926700668
0x3938a04E27B7b363d33259708552047A20f6ABEe,0.000038753135644572
0x399A0e98343A22a15af031e3E206d7e6055c514B,0.12673502013462746
0x39a40F4ACa3298F939130FcF3E625C5E52566140,0.00003940767765078
0x3a24FEa64DFC04150C15040634D5F344bfF5Fbb3,0.000038783319182572
0x3Ae5346B38Ad70c5bA01E036B257CfE953C64E72,0.000040095817482052
0x3aef724259717Be5cA3b78D19777c76d6B75b4Af,0.000038933498861013
0x3b43e78D75903CB755AF4fC94fA7348b49d5F460,0.024188440307735586
0x3B5d00E99A07AaF3120Cb4E811Cd8cE915B175CD,0.014850589127462869
0x3C3D38390523573B1D4DC633d5EFbb1647056A10,0.013905414445219009
0x3c42Ffd46828948602F43Fd9AF32d74ae64CC149,0.00003894856306009
0x3D19fc015Be5e6e41bc42Ba0A3B31D995332574C,0.009483356158805161
0x3D5E0c7b61d58781EFc480e7E948C47af7E4198B,0.000039709889873415
0x3D95758f63f1146d167d88F2a79361500fb71339,0.00004116827471185
0x3E26949bc6e8182BB9555CF7a3a4f0F717433749,0.002274926051883074
0x3E31fa3521a4b4588c334A5b02863A9441457856,0.000041414478364319
0x3F4A61691ea089c727E684e6B6653831333baBc0,0.001708035698051115
0x3F7C10cBbb1EA1046a80B738b9Eaf3217410c7F6,13.201606736049485523
0x3F9E89702a0ABF1809FA26dF3C7e1F747be8b6bb,0.057867275092614555
0x3fB2aDDB32b4AF809df89F40feF5a51a8Eac590F,0.000039709929252073
0x3FC630dD190140a970222C3F4Fc2149708e7AD1e,0.01656928138210016
0x405A62D37cF7a594c86D1141300cf277C539e4af,0.000041062678682826
0x4158DB707C869d43379EFc3Db8b8e7041885D508,0.000038849440246142
0x41669A966Cb9EfC0a601512Ce332Dd4eF14270fc,0.000885120805285048
0x419044327EeB77dDBFB01aAcf381Fe29ed330ea9,0.032296403104472035
0x41ACAD591e9d3b9E6Ff2c3E350A3708A9371e113,0.023547237629774594
0x42b2036aD3813B8459090FD8456806DBFDDF8cD3,0.000039463905632972
0x42e0316bfFE8490c4611Fc17876Ceb7c209381d4,0.00122078256635162
0x438795e632B96870Ace7EC055acf4EcB70Bf5ec5,0.00004154620934805
0x439bcc034917C528Eff0E36117088aFBb075B2d4,0.000964159520742449
0x440C40E1C84C425c2AeB51d7067e61e76EE56655,0.000041501321940823
0x446D1d1721a59b34dd3c1606a953c7b52dEF2Cb5,0.000039698028744683
0x44909bDd05ddA8A13c681414Cf684Bf148d5f411,0.001210201329987297
0x44940FE93F92bb44B7f2b77C768c051B5A8794e0,0.186417019894922972
0x44C7F6c662ad017a7f56CBC4fE75DB9D753bDC7B,0.489427883076824396
0x450012DfD9105182a9a0CF26119c1257f96E7F87,2.843889086015325749
0x4598B7560f51D6325Ab0212d063012F720e97504,0.010246891534178978
0x45eEA67bD9c01e48840b22edB95021F62dC2c457,0.000042509241262818
0x46699FDa810305d5F5f7E09F08919EDB9451533B,0.000477128240353682
0x4716DA2b36F14c68CDfA8445EcCd4BE59111917B,0.000038732081772459
0x4743568e3D15f284b3b732786e4eF249a8697DD1,0.000041490472765301
0x47C54258DaE89B8122FA25A18312eC4D469a5B33,0.169503884667354571
0x487b0C67922a4a5bCbf2EC77b752951402cBB6AF,0.021924684400291814
0x491048c4E48d5C4380Fe5C6DBaB4e59002CC383e,0.000039463866906236
0x4915c2Ee1d90791DD6F79Aa6Fc8C2bd3e5F31390,0.013058346300905159
0x49dAa930b2C7416591e9b5e7eF0CfBf25fd2df32,0.000039888618676434
0x4a4A76a730C36217239B1c4F9E9d868F745BeaE8,0.000083381565168844
0x4A64050b67248c3Ab318ea0600a00c47c763d860,0.016925847963443718
0x4A7db7b42E26dC80A7091f72e2389b6cC9dEB60d,0.006369881891099429
0x4A7E8a151839055def52AbF8185360e647e212Bb,0.044171126732752898
0x4a8adA938aA688d4E68A90E4198d498081065916,0.000039853206901524
0x4abF9893c1c1920EAf74662fb97357D074298dd1,0.00003988840324295
0x4ADeF2f374193129d9e920ab528Db418060035AA,0.001715186205252507
0x4C89d3625f581dfa803fF7C102b99B72efDc500c,0.015721378231480564
0x4cA3A09d4865397cf6CEFdfF35a68856B57d20F2,0.001710860415187
0x4CA563F982e2e875B3D7774D58f5130f659e11d0,0.000479692981642399
0x4CbF836B4D14369aB11DebFbd7e1f91C77B6b233,0.15497276440777419
0x4cF3ADf6ceEe52Ce96B59adEce005eD6B9975209,0.000039407726153708
0x4d013565B6a158A8d43CA0c99B42789962f97707,0.000884466185029698
0x4d31255069fF355198683a2AF453287D37C30a07,0.000041126108253943
0x4d7F1a8D30858694915827043a925e55bB497F7b,0.012419922698751957
0x4dc7B755A9729D3f1Df5E70b0aB06C98993F77e8,0.000017045570138261
0x4Dd1155c9C9BCB93bE25813ea52953cB869e970C,3.711632193601291198
0x4e53056B80e496f9a73CE76862846B860fE591bF,0.000039896567774408
0x4E5a61a85eB24C8CA80eAC3737ab701C5066C96d,0.132120929037614626
0x4EB33e6bf45A485A39bFf347A34F68b24307315B,0.000041294857672711
0x4F662344Dc16c32672852697D9F2198983C4DE44,0.113811984907421981
0x4F7a3d9348F909F9b1b750f6A5DBdf3D295B4f5d,0.000041280948863693
0x4fD95c6FA765e64eC9313E465F4D2B88Cbf8dEaa,4.978707013022955786
0x4FEb1F491cE8795cA76559E0df84aC6caA091D82,0.017664150358863536
0x509aB4a4589555AcfE331369e4b857e81CF66b03,0.000041222737920521
0x51ddf63A4176b0c44F524DcF759a6F3ABD5643f7,0.000885175582267783
0x51fF13A729c61ec0a10555F92028c4d07b16970b,0.252083004656742521
0x521aD3D9c0CA5eea36CfA2b011f074d41344552d,0.000039650668848001
0x523B88724ED5F6bA34598daB8d85bcC0D67ae1f9,0.020109554134195145
0x5246c4BBd414c2C0A34FB55F3DE51df5Be7F625F,0.00000979205024469
0x5275817b74021E97c980E95EdE6bbAc0D0d6f3a2,0.511073448811234906
0x52b4Fab7FD9565011703e0dB38FF70882838E085,0.291103314737772994
0x5303572B6Bb8c1a20713E01ace24451D8df175dC,0.000018318633933477
0x535D6210Dcd218667777209B10932A24779C5463,0.028336289171629513
0x536Fa7fDa151bc36A8d2DA190F79A831B2c60cd1,0.00007795723226994
0x53A1D5E35a50822E63A174DAF621fF992780E047,0.000038783403191564
0x53b84070a35A6B118Cb4288b1F55f0584ab0E3F1,0.000041362847230982
0x54aa1B11aa1769CD56c744e9D57Ca0d5799313f2,0.080728556662356431
0x5594f57CCe04aD8C9c8506CFCFAfF8f24a6733Bd,0.000041464419335689
0x55BC5E6Ad29DA823854822749FD2Eda2775C78bd,0.057656676994627393
0x55E7241766A101596Fe3745C6c10AfC4f90b1987,0.025073502935057831
0x563d27DD2E9F36157c658501222A7CB23f690c28,0.026220354892626547
0x56632dCb40E4ca09B048b3D703187ca586eb2100,0.015698608963985589
0x568C8bf4c37e1C7c155993c28fe15FD2677d77cB,0.000039001298644034
0x56d01954f49e2B092BDc68c7e418f7950FdDa4fA,0.000041589586328792
0x56f386B8889Fc0FbAF0f5300937B3fe0e9064a8f,0.020858624386526272
0x570573bf1ac116662DEA0A311053Dc6f1716A727,0.026493482399598889
0x572Ca451D0CdfB76efa04033F8692Bac14c9DA17,0.000041589319193022
0x574d623D3738dB0869c45223dD08FD986117c6F9,0.000040002794638458
0x5807D303DB07c56Ea8F12517Eb8fc4254f82Cc1D,0.000041559444433353
0x5838331D0fFB6126520B3c79fBf3DeBEF0eAfF19,0.000041506268350759
0x5862BF80277aBee3400fF94bBCE2768D19BC0980,0.009027189846225837
0x58cFC4de4D8fA3Fb1e18447Fa0773fd873143F67,0.000040994221905289
0x598077747d76b8339AA07790387660Bf6A7A099C,0.016483029486257473
0x5A857092CD7dD48986E4C8F22825b81735C151B9,0.000077953941136673
0x5AD281962749996e020E7f843a59749f49C30980,0.000039739644532913
0x5aec3d8d78b59c99Dbb5950015825aa633BCBD23,0.054086203014540861
0x5afa18b5dBBeDA51F9e9d2F7424bA9bfF15217A5,0.00000039634043812
0x5B9c5a15db771C0568611Da2a8364335b9ff613C,0.00241521974202265
0x5bd1323E3fDa9494A47C9ea3534dD06F7a7D1611,0.000038783235173905
0x5bd99003fF9Eb9F8dB8dD0F43705A65936fFbbfA,0.000885367123227986
0x5BeDeC25f5e673E943376536D9bB7941Ab3d3bf5,0.000038755252225109
0x5C59c0664451a0A5bEabd3B81F99Fe99729261BB,0.000041953630671768
0x5C82c3BCE77480E0061E13AB36BF7AA55729eF08,0.018264126120030774
0x5ccA1fE50de9CF55f80BFE8793Fb63dDeDf4C00B,0.000040082606204571
0x5d77db66b628A4d9C9404cC02c6EB5E06e00A335,5.544014970910192514
0x5EF7F987C3f49b0a134F8bb90bE569365F5c1E5B,0.000041222476503701
0x5EfeC2646eb5D768dfA12C9943eE2f1Cc458913b,0.007604220095729219
0x5f0080bcc2223F94Ab2ce753095ddF365982CA9a,0.000041063657032737
0x5F1344766eCDa098075D3f384b3925EF4Ae38524,0.000041966596750382
0x601380cdBB75B38F9d9f054Bb7Db404bad056887,0.041077722590681427
0x608972868362504b4820Fc26aA60787f45159913,0.019115124782261906
0x609fDA58feC20Dc5fcD21c6d0E81F056BED0d8dE,0.013097457626402272
0x60A57e9c12417ce8578C81407407e4eD5a4e41b9,0.009762948969517885
0x611dCd191690a60A4ed50021505882762c316Bc0,0.345375120099017448
0x618EF5aeAD711643e32C4e2DDed7670DD98f5b99,0.005068621601126695
0x61b35C631A96d09456C6952574C865e48bc25261,0.000039993385764383
0x621696DEf969Ad923eD57CbF8B59C955D47e09B5,0.000039541667115651
0x62261fFE617505213c5086f0ED87e561a2bbcF4f,0.00428369235361376
0x6283827Da4AcF083679d7744F7c99294c84B3B94,0.00004186101951167
0x62acE6AAc2C60ac34A806843dcb55248d10b23aB,0.000039584898480671
0x63111ce4d290A0DF4141a42a2cd054470b702225,0.061232593506338748
0x63646FFc589ff5ea48029aCABEf44fFf7F72c6Ed,0.006795291519662525
0x63719B646e21914ED49c6cC5436F39A2faD56C85,0.091357123771054046
0x63C23f83d0F74684Fdbc73D85ec18bc47c31257c,0.06121947322174155
0x63E1FB4493abDA92966A43824018b984EaFF9093,0.011084762969279906
0x6408Fc7dd840ec0E637438253AB5C069B49cfB2f,0.000041290220708695
0x646f535ABEBc5d9755c0101C3F813D76C0a1E0C8,0.001200611061552425
0x6536b97A729c39eA1CBb10edfD54675AC1E87fFC,0.000039407750405125
0x65427EcCD2320B48DF9e37b24f8382e714b48932,0.000039051055839641
0x6582e15ddb3Ae8F1BB1d4835A7fac458caC5D273,0.000016828560143932
0x6595b6442648Ba3405c855B71d70AA0156Af0331,0.000038749881914455
0x65dc80008FDEE194e870598d3ab1db1A63B73750,0.000039407774656497
0x6620ecF6244dfA31F0170D50F5bBDe2E867887B7,0.029795058361914985
0x6623a5395703a69f2d383cD314B632266AA643CD,0.000076666016074677
0x66A756db3A67a0c70cc47b10a87Fa32345b1e83b,0.000041500835516145
0x66EccdAb762B58A2908405ed6F08ED136E501748,0.000041769887142439
0x67aB128cc685e63D0d0c15F461be35FE30094456,0.000039650693399091
0x68A39C626C6aF5449e1A8CDC3cEFb4FfdC9AAC78,0.057616418675819875
0x68bf7560F1FcCd71E415eA9FBBf81E5811006576,0.302008227694012178
0x68FE69bfc4D7197232BCA722F08baaE3d51Dd4D3,20.566550718047756063
0x690a203dba3a453d534AF6A4CFE799B2E393294c,0.022065949295337355
0x692749f7c149C16acD4071E218f4e146284012c0,0.000041485448713752
0x69453348a946015F6Db62d16e0f55144cd4B768a,0.000041304133684497
0x69acB25746533Cd28147eAfF75d001598374454f,0.000010124795132036
0x69aCd592a4D645c83b102a446791847F2c2097d4,0.000000791797098001
0x69d5F8e1C2b8982A17F893f2658f3adB6a14929b,0.022626615413347279
0x69dE20cF57b794962689c3255292d0703C87ECfd,0.003601212021331079
0x6A9F317543335c8EF6F6d1a9e3b771cf151E8a4b,0.000039901269943697
0x6aa7d5110A4B4ca0e19CD19eABA92A35458a0766,0.007223388262324741
0x6ab483366f91f0aAf5C32248C9d16CBBF5389ea6,0.000039697930305659
0x6AC25224F728dFc9233A6320B4CDaa148393fD70,0.000038658510817715
0x6Be57B747676fd2FCfF3C6c39d9E109EB7Edd0A2,0.004398769562065736
0x6c01fa4380C0274DA8D4f1476b2B59D2a62672f9,0.087935406573913772
0x6C2c9924842Ea5BA2673696EBd00DB8539c2735F,0.000039407701902167
0x6C924AB13f2de31Ff1f9B0394933Ae0f5D4a7a21,0.037156775428162691
0x6ceEC3Ce62c046C341704dCaf3969C89Df083870,0.008536944987403779
0x6D4807eD61C3C0046d5F6648B066BCa1635BfB5f,0.000038410043832276
0x6d8D6f0da53f879D7a6001f6a6a08CB14cdb17a1,0.007028794446904466
0x6F2bB188BefFD0C689B3583549AEb61aAb2875cf,0.00004106121122348
0x6fBeE262d178269E3EA408821193780f5c7b7e25,0.000039650742501236
0x701dB3a7B1D5D7879607F0f47aa7880F2202c004,0.000041399989265926
0x706353A944c98f2D75Dd780f03D0779ad95898f1,1.422428434486897408
0x7072D68676778f421F05cD36dFbe63b402F40BAF,1.170274625250137406
0x70990fb63fdCaE10368b0409332A916FB0f1761E,0.052603837498182236
0x70A7F3F77B085ba95dfdE9230e471e38b05Ecd6a,0.000041509148286471
0x712406996127409d616aeEa67f708ab4f9e51f30,0.000040980631051963
0x71414448b162Dc986bb25a04DA7C0B666209254B,0.000885126958118016
0x719450B5feD41e3ea88aCA1745Db525a841366Ac,0.036467034616206471
0x7195A188dDc5BdE037809531faDA2e0b599455A6,0.012975841035284763
0x71fC64e6A7b093f809017166253DbDeC03ab89a1,0.000884482683781166
0x7227fF860eCa62DCE5f78f8063492CFA92B87B51,0.000477032108251847
0x7294402Ca5Af4bff9fD8455B28CDb59673bDC214,1.668691753937546821
0x72F42Fa01716D6525B1385fb9aBD2Fd125785F30,0.001882837446673923
0x73157fe65D309c614Bb17941587Cc9DE8057D9D8,0.014439690319301745
0x73CE41f6c09B306202816dea3b7873d902Ac240a,0.025396231631117507
0x7417aA524BF1ca3b8c26d0fF2d3cdfA83daE4398,0.000042706280535813
0x742F6A3589168856deF641FA29BBDb2B51B12488,0.020335321754612648
0x7450872A837DEEF45d433FF74Cbbbd98fC6160A4,0.000040538598046436
0x74a98cCe173f15fb1425f952D3C14E59e74ac917,0.174889753904191915
0x751A398c5d2a19FA4c8428014Dc3A35E415061df,0.028041958136280094
0x7529897524AE7F03751e7CA2dba84b079f085D34,0.027010580584287245
0x755b8D00fB2C06B4afFbC879f301F664d88de65c,0.000041313412475326
0x7560E255F7D5ABd4Af80D48f9834bad510A27835,0.018215197787109495
0x758dE56931D561994d0197C7Dc7738EB00B47a16,0.000041011761799117
0x75DD9c0F036deB20787aaCd8857B4B9578e70AF4,0.000077953630960398
0x76258B86ee5eA5892fE60ed0E4F81B73E94e310A,0.153187567894200418
0x76F2E107A4e7C58AE2CE70B71c465A35656772aD,0.054073378051482225
0x777bf6c85F3916c5EE3d12343aCdFaBF18392D64,0.141681445858148488
0x78267Df2A2F7f59738B96E9fBcF657BD4adBb082,0.027086687270537708
0x7871a37D75876582766bc2c9b955DbE24fE77fc2,0.000041030908726615
0x789F1Bf6D3ABCe242E9B55953C8Ba107f6c114C0,0.000040002754463075
0x78BC04B6e313A4d4e7A134c633933a5440FA5E4F,0.000040977268502644
0x793CBc611D5c1C4C359Fc05652384c5c78A4eEaB,0.000041509013065391
0x7940584fc34A0f6A2536C0dfdeD48572c63Af92D,0.012670288302533071
0x7a243437D599b5C5C0E5066b802e394A6B6DF38D,0.000020748536707231
0x7A3e42cc4247ED9b240B2A729262C573539864B1,0.010972547586007727
0x7b1A3F1A6b73ce075Dc48A5b14642B838c599475,0.018969473317677136
0x7b84F7a588bb3d1C5294Aba2b7dDa95E7E985466,0.016920302224388231
0x7bb5136464434048A7b3d8bEdF1c6313055d2931,0.00308310822968162
0x7BE38EaC065B89102fd14055Fac6e15775e5a0a8,0.000040082616025467
0x7c11CfAFCb06cF32cC2898b1e6282cFe91391508,0.056672195025305515
0x7C684BA5387688b2dF88A51F759aaD4A4b07Ccc5,0.038948235283941126
0x7CcDbF78eF1578B386771bda1E9E3CfBaDa1D57b,0.000039587679343871
0x7cD77B1ad340F11785F81Ff45D3b3a24fAa864d0,0.000885240424568485
0x7D39eDCab7AEE7eDb39447638199C56fb0106670,0.000040980675018511
0x7DEcFEC381814421d77430c193E232BeDA0A1fEb,0.000039625941684075
0x7e04AeD938133f778d9cbf1aD38A73f163674699,0.000125138816607894
0x7e39435ADF8BC00b160c58A0CF1d01c57d144709,0.013116325687852498
0x7E82a7Bb5E6787bEB07C363A0fbb42304AC04525,0.023498386842729577
0x7E987d455cAF80129F624817daB8A7726c410eA5,25.602093428651514101
0x801c0e74e91985c1F608842d36722f4FafCc5142,0.075283534655660926
0x80EcA77BcaE47916Cbbe33679aE7382DBC46495b,0.000885191316936475
0x80f900994D69b9012CE551543d26ebb5A8ADd14C,20.238388849516807172
0x810658c23C13624B8e54A4652332D1b1439c4127,2.388123891509612201
0x82628b0d44A759dEd8FFe762700AadcaFE7A4556,0.000040324471188136
0x82a6D4d51D38A366171E2dBBFF53a51456078217,0.001707624467891827
0x82c854504F266dAd4a7eA9E448Ca7B1572AebF1C,0.018712089638782759
0x8340a6bdFdE254eb3f5a858BF23d30E28E3b32d7,0.004530957332985526
0x83Ebe39Ba8Be726DdE69E05464c913bf1C47B658,0.010125359336254406
0x83f1b10cC1eD1b2112df15062F985e7612642fF0,0.000041014181787502
0x83fE459B201530681CddBf20EE67248995d2a035,0.00004202162333334
0x83fE689576EE2C1f40A59B7ffD4AF8805B34CC5e,0.000560569740180074
0x84224b971DD2eff82aE1efefaE69834062aae5Bf,0.000041608103072874
0x842eFF24114c75abcc7CB3a27D31Ba997D8931Ab,0.015246498751106762
0x84912149f93D963ad5Ddc3c2781B1950d160a4DA,6.426437904616043887
0x855fbC5578e7161559B46B762744588bF0AdE28F,0.000885053114048689
0x85651831753eC3469c583185e6A1A1659B748D9e,0.000038747197131212
0x8593f16095e1A7733418a5622FeC34f010b12fc8,0.026495593354070532
0x85b8927cEA8649e20f64a8C0192D0CE460605B94,0.006199076269219844
0x85c7703257ebf4c70E5ba656703329E14ED20972,0.001666216720409242
0x85fd007fC508a5A4F34422891c83299Ebc423246,0.000039463983086691
0x8622bd4dC0D000D74F7aa453F6A86BA2eeB64e4b,3.156725690331933845
0x86bE4d65C25558FD1d447A33144E1c9690F67e2B,0.003051641483044025
0x8746c802E9F38Dc37B79595D5706DdD9569FD0d3,0.00000065994205129
0x8860f7082335f3950429C8B295a99E2D0EAC4Fb3,0.001711380110480119
0x88827b479eae4Ef7b01b7F6311C7dA3f37b8F635,0.17957615964041079
0x888A01a312b98A6Fb2D947e1D4D1c6d0f3844a68,0.000815767086395691
0x89Cb345aAC29770a878824AF6066c3436029a938,0.00004121932514988
0x89feFaAA656440D4fDE4384727ee5D65d2EA03B9,0.000041589719897598
0x8a1E75580060220CE0D1903864672e7D2010C940,0.000041060722087834
0x8Ac33f28C0B2ABB8039F3b913711BE866C0753ee,0.104757396478073252
0x8aE035cEFAb5AAFe1b33F046ea994C102d87e7De,0.007704838654773207
0x8afF272d3De4B72b22C196a18312c2dA596e91AB,0.000077953786048354
0x8b437D4bD3C5d73c5A8fA26ade78FA5770FD6528,0.018215197787109495
0x8C64D76b1600D52f10618883F8671283E3dCD5a6,0.000041144697231362
0x8CBdad631b032e6C5725ba4d349c439FD0253a83,0.00004101446023561
0x8cd83bb1f0a7624e3f429A73527c17d531C231D8,0.00003985319719254
0x8CfCf654d068FfeC0D1E0E60AdeBAFA118f16b7B,1.248449258048310172
0x8d003E4468594137f8dE24121886bD138C3aCBaE,0.000000171146400582
0x8D1eFF4Be5417Cf82E95f93952943f59473B71C5,0.000038663341177776
0x8d224CB2E2C4AE5a057453A04A4D47d17d6E7d37,0.057405125366740719
0x8D23db07D24450D3B868AF204F3AFFB27a89FDd3,0.000000460286099954
0x8d33d1F1319f98C5196Dbb5b392Ef33BbafDE94E,0.128709719365382551
0x8d72f10bF14927308090D97B1D58DD3e00d9B7F4,0.000038758505661216
0x8f223C402266850f902D4Cb10b784C58162b6C08,0.000040994354271745
0x8f4672Dc5724aaB6393F91009bC6E1FfaD57485d,0.89573402582201466
0x8F91CCf6e0B810689f272AcD90Cf7b8B611a4807,0.001711672914545318
0x8fBC1ACBD97D9d6D928E794BEb96F37888D179D8,0.123401477954169672
0x8FE9CD7B6626BE090F9B4333AA8f97B42F00505a,0.000041126620837063
0x909Fd983ab19BDB39d36B7d245D4E94a6E41b70A,0.004950852915980572
0x90F3b4a5FE78BAdAcC1C64d2a59EDEE003db3Bb9,0.000041399899029711
0x917aabAAb1d5B390c02c7C27389cFde5C911670B,0.000082336810410664
0x91A4fDcA0355191d95E951b3BfCE88d6AD815688,0.013022660360198081
0x91ae6B383fbA985F6641D46Aa4F6bE41f081E347,0.00793001904685057
0x9268c6A34824D9B41C3EFFe4Bb6d202D69ecbA6e,0.000041501565156415
0x9283add457C45b6771E3e389DaF6352295A23c5c,0.000039896727838383
0x92e8c440bd5Ae54C9d95CE5a4d3bC8151FdA63D8,0.039357773939575239
0x93d6D6CA0c6A0C2dCd99A39F7f210e1CF4A0D86F,0.003892076696237644
0x9457dA5a017B96f81dd5887159f8aF268685CCB5,0.049524722490341851
0x95348E20Df94988FD363F37E8A979A30857b1d2b,0.151957481692799236
0x95764B8dcC5289778C5Ff2e26E8080a1D38E3bBd,0.030106634823025687
0x95F955E5A1d3D8806f77EC13f750882B1AA6EEdB,13.885536242589752263
0x964c8d2c8D8Ab28a9724CCbfD5307F15F02b5a6e,3.239241378531910024
0x966a139f55AA56742298525bD7306c92D0c51CDD,0.003702692600609406
0x9693200746C056Bb3E548B6A25c5Fb1d5db2d874,0.03213451906369985
0x96a8BCa768a8d5D455360F992cfF54DEfFA19E1C,0.051954862711186114
0x9741c95A03F2e2033560A6d2a140D5D23DBDDdd4,0.023912016425329373
0x97e931494A837Ecde1d2f152fCEf1C2F5E093356,1.348769402903191708
0x97f3cEBAd028A5a74ECc9E936d79FE4Cd80b68c4,0.000041222084383055
0x9813d30fb9A415A968dC1dfbCae3617Dace760e3,0.001707743167553514
0x9843FCf214C572678B56457B429323297968b8b1,0.000041126748984247
0x9866049C973772845Fca3b4727b66755549B5D1F,0.000041411708075838
0x991c4D7D1C194A6753799f788fA49218181cCFfA,0.007997821716855973
0x99457eebCff057a09467Fd85c4a0F2BD4d1de53D,0.000038783117531799
0x995D5Aa0E73fFadf8dC0c04a55878E1b61c5375C,0.000042069680056537
0x99cf6b66Ffd14BD9EB923e0dDF6EC55c538F7398,0.026731858708350729
0x9Aa8b926dea668ECBa646C87692F3d2852F5B1E6,0.022807674961722056
0x9ACd2eB864D80d66146c8D44d6c7420eD882d9e6,0.000038766583599063
0x9aD6B4A29639f8bB709bff47b07a1D0A862731aC,0.000041557673496357
0x9aEAd93d3ac9de878C1dcD5428Fa3A376F359E95,0.000042228102821676
0x9b3247f6CD6B5B8FABdF555475A356e3B3fE77e2,0.000041953766200093
0x9b4804e8d8537C0F67cd9529eabd8fCa30118785,0.333362126190981191
0x9B9a63cff3D7C5FD7C805eE88B0AbD24B134B765,0.251069776418011262
0x9bD6c1409aEdEf8f0029CcFb2914d62ECdAc55e1,0.000041222215089406
0x9c1D152cC101a68226c7DE4D502f52ba0D76Dc75,0.018323820772774606
0x9c740fcc52a90c074FfF1f504Ae01F0cBa6EAB10,0.011918582790617883
0x9Caa38d16734FF47d6ADB362FAdD4f734942A20f,0.481211296767589658
0x9cE0ceC235D2B78Be0406f735C310C4122006c98,0.000039710086767316
0x9ce7687B829Ee4143307fEef23Dbc3f885c043F3,0.000039404122279801
0x9Cfdf61dD6BC48cF0eB8AD8d5b6b50aCE8F74891,0.000039896687822322
0x9D3e1B57Ee154A3ca2537ca1F47cb19e4B439543,0.182158293372041097
0x9dBD4CEc1C3f22A351A2E25AA57dae1Cf3DB3919,1.88412448749388954
0x9e145a59854686012308F3700b611080C8A8fd55,0.011360275330894705
0x9E4Aea4e2131CB42AFD0d70b456b5D0Ac724d975,0.000612866152485632
0x9E7711d9606fc089396A9dF162b88195dc3B399F,0.000041222868629896
0x9F4FA642f4B6964193CAD669411eEfAE458dab6d,0.000041065124623207
0x9F7Bd3e4fCC6D6db111C4397BcAb3A3e3c7Cb056,0.001715873146325199
0xa0640F102612079aE2034608a32327e47f170653,0.000040409824815656
0xa12198D7084522a7eC11D31cb284602a7ebB218e,0.0530010166656059
0xa1dc80d0bECcA201e2eBb2D23c9465A42eB35592,0.000041065613837593
0xa1E52c656C72C66034a019Ab5F000E2002BC50b0,0.000081091472080915
0xa20827803E3fCc383304f9F8d491fF3cC57aD274,0.000035640583192839
0xa294D064311c097AF7cCed0FA1132A6072bc06F9,0.000039051133432244
0xa3313F52092A5E47D2bdccE671302448f08F2262,0.000038638494517261
0xA36908a58D2bA8E18F1D81c0e7E356B569a78146,0.00059504375558149
0xA442fCaDBcFaACB85DF9aCB4AfDF0769Cc6AB3c9,0.000885272376443286
0xa4773c6De112F0f7e916f72c199B2F2c02749Cc4,0.000040086456382464
0xA4A5cEAc11A99DF7a67Ce66Eb90995D69d8DC779,0.000000397084660581
0xA51Be7Fb353e6349839D57944DE89C26f6afe1DA,0.010414515588858517
0xa559Fa32672C94c3E427054fF77D3415C831A613,0.000039463944359863
0xa59F91FB54616f5aC4789941cb621fF0Dba328Ad,0.000038732048238292
0xa5a3DFAcA553B23aD5E3789b70cf7af30d2d64A6,28.693422594072654295
0xa5Bf6A58DF42c8746E0DaD195029683a9A2f6d32,0.00682824146973606
0xA5E4B270db151dc435B9959D0e32c7dd986c5D25,0.077520702529245564
0xA66Ac78CAf3e8252675cD8d4bb021f6A72691A9b,0.000632651454909741
0xa697c69DeE25bb091803820DD36a9673741ed4B3,0.05174370736404199
0xA7655aE47A4745F2AD89402BEaD5fCE5E727cB5C,0.152165402402923465
0xa769613E2E3F4636D3d08A0117973E20AF455f93,0.000039051172228679
0xA83Bd310d9A8AcA40D60a832510Ae89a67e0BdB4,0.001706434760444252
0xa86059823717Fe4Cc998699044b66BE2E4DC67C5,64.506439447602264429
0xa895d725B71CA1A4967d1222e4E1c1168AAf94dD,0.000041061700367893
0xA8bB2e8898192852a08e52f504aee6E1378D4151,0.014389151834464153
0xA98eae99001F02D694EF10504B82Dd0dE7648A8f,0.024213386130302005
0xaa19B69b58C54866eF649D793b7b5905ad85C5F7,0.000042191764264836
0xaA75F715AD631A9B1e328C8463c1f597378da724,0.000039853163189258
0xAb0D8b45488EF2770Cb1f6BE4ba781aD078e4a02,0.000041561892982307
0xaB20dA8E82252d126F0318aaDA1d7B9C33512Fc2,0.000041540013101438
0xaB26641fbf3Fd29D8659758193585C8817125876,0.007017484414023291
0xAc49e0b55cBB4d5b63ed2942EA6fb18f450510Ad,0.000041126236398902
0xaC83F3c9a7E24aDBcE97C04c69a3DB31F13A3e4C,0.000039853109811981
0xaC97AB17B0aD3A231e108D07B2a95fa55a6e33f7,0.000042596663635869
0xAD3f8cDA1033Be6DF4e7a5aa43Cad4F4D4a93F10,0.000066244058297528
0xadB1107afD2200CD1E1A960F37c5E47C7A3E4E36,0.00004106023296092
0xadb7903046CBd90ca18e163C07Cb9F1f5acBEC9D,0.32904474951384119
0xaDD8988D64F3A89D6f9fd47ACF409A07b468228c,0.000039853245737586
0xAE15Ef67FbCDB4Cea4449A15D087b14d08297169,0.000039853236028602
0xAE7B43Dcb799D0Bcc7115F86FFc6C4E7E66E4A4e,0.000038849402463027
0xaeAE289EECAf50E5f14D2B49f57Ff6FE9EFee135,0.009633380272957544
0xAed8a2436DeBf5955aA8158844Fa2A58ec95A2Ed,0.001903386397909779
0xaEF5ABc470B000Dd54d9A0860911BFC0672D83e5,0.000038658427485271
0xaeFAf309678c64DECfe351C0a51c9D167169D5bE,0.000000529442268675
0xAF4dc7bE0c0e8Ae381ff2054113143724e3242F9,0.000041126492690366
0xaf87c4B0cFcBd24044eA61ced26564185dcbCfDa,0.000885045471971289
0xAf88a8664c2117240Da10e8E0de95F7282D60602,0.000038772519549633
0xAfd99e47B11B88A543b78f6723D35c2d5DCDB16C,0.000039901278009384
0xb006cf3D10098064e13b59Fc9D0A18DE74EaC4d8,0.000039000462950463
0xb03678EB72cdCFF4e07391c3C413439E36aeB604,0.00727713911403558
0xb0602a356eBA66D6ba1CD3CDb70cD9EDaD3e2ce6,0.00003985322631954
0xB08B8C78EB023fB0D697895B45CC74a8711808B9,0.000039404146526915
0xB0a3CC74b0de3E720fAa6a5F0B7ABe02BA57F668,0.00004122156156414
0xB11D5678Ac45D90ac1F336A1f757879815377961,0.000039593241852078
0xB12E392f164ea744263760AEbf8F5EBFB3b4bbBa,0.001711369107486143
0xB1aB05368C576dE1F0eFFDEe5FfA6054e999C5B8,0.000047289926938778
0xb1D377a101009D4a68595163259a9809D769349e,0.000041409673607179
0xb269A708749aD527343A988DBA6019ef116f5536,0.000041390063585717
0xb277Cb0D629EB9Ed74b4A93e4B45260FC01D1281,0.006431851462427722
0xB28cD877034721EEb723Af1a329f60714B39eEC7,0.000000527818085513
0xB2CAaB51633B88Ac8f7794Cc9C578448FFBd0c6F,2.098036527796877827
0xb2d63A06A9AC3Bc39A5774DAcaB29cb3FcAe12B7,0.000040980587085367
0xb2Eb465A34c6e5E27391D78955dabcbCAAAB07f2,0.000042707289346899
0xb3279a08A091701B8EC10D061402E9a70eFbeeb5,0.000041997227382803
0xB355df7a527f215F51Af23396C69094955840E2c,0.025423282866118877
0xb36c94f9082bc1435b53bE1bb3a95312D4653083,0.005486085253298219
0xb4079F37703Dd649B82C2372c1E63Bde26260d1F,0.000040111187276439
0xB4559a67452824C8c40a6B7e09F58B78968Ba2ec,0.00004150896799185
0xB4fbdA7C9024cB1ebd9F66E1302cD292Ff6af77F,0.012892387595515597
0xb51D05c33C7A42fe06Fcf11Ce034E8498788b489,0.476715546033385859
0xB52093Eb79BBAa599C0De56FD58ceF84656ec987,0.032949494791203285
0xb53E5cB706b47EE78B04cB41FdA6D0f8aEE093E6,0.000041861157774703
0xB5695158dAad47bbEEC6ff77B05A41f20a68237b,0.000000529104097766
0xb6d498074198Caf803CBf10d3DE07c8D752036AE,15.679411933558780173
0xb6E34A8A93031a24C264Be59D0BaC00bcaeF9051,0.001519953760817363
0xB6f1A47fD0aBd85a847B07e523370aA98f5f856A,0.000042192271109257
0xB847391b544DB9a92DB58BF779C1C1EF2A2B6f24,0.000041561737192127
0xB85246cE9eB29b8C9103a35732Dd105f19cDf7A0,0.017669491480230151
0xb8795bd2e83D4655160b7A1F209c7e04b58D7009,0.007430861224946688
0xB88f5E9ea2B66F20D38158E4a4EFb04F4E442d17,0.010343717279206974
0xb89842d4361a318D7729d58950676d4649448484,0.007303716659038992
0xb89953b858d014dE8637DA08ABBb93DC9cDac4Dc,6.451796809074431607
0xb955f9AB119509fe640a873Bb69A3ee6Dd704275,0.000884531337951725
0xBAab83De8DbA764bF02a530cad33555bD23eba22,0.002902104411542641
0xBb25CDee1bCa26c95dcD2EF9cCb57bd6Fc76F93D,0.000040001036041536
0xBcaBcf4B78Cc0b6B9e06bdb9D8CD1598F3B64811,0.000000461927092567
0xbCBA33C564Bd4c92dEbd77f4e0c6D7a1ee3c64F1,0.000672658058593923
0xBD1D64FAF9535F7c274741e16E14b15bb3fe42c6,0.565385153006867554
0xBD7621514d07848C5f35446C35AB1C9Ecd85DBB7,0.001710712441256209
0xBd9211FC65934f86d6be7393e7fB58a9Ee10dcBd,0.002334936096157469
0xbddBa90376e60470c53719816589Eb5918D1D2C5,0.000885207053246313
0xbDe8Fc6c5aB51A210fd249c1f516AEc340E4A0F0,0.00523029760602232
0xbE1300a61092bb5d8ed92a89285eF0E0f0997f40,0.747822632134790267
0xBe4012C8180669C809330Cf5800d0752250db3e9,1.163742980166856339
0xBE56e373C28FE39561146d52F5bBcdC7695751E9,0.000039404195021214
0xBF3a499FfaC528B0bBF4a70Ea7ddBc4b60DBd8D1,0.000039889049548756
0xbF45974D2F19fF56beaa57e383bC2a0CC0891Ded,0.007761564147404718
0xbF552dbBB0CBD85bd5dA3a1182AE3EF2bf9A1C15,0.000039888834111804
0xBF6A7cC007479b096D877C615e12Fa1Bd2f0F3C4,0.000082268090678471
0xBF6D8a7664AdB6631066FAd1180F5B087185F6d2,0.000041525079576724
0xbf82887e80F4fF9B5002a7DFDdC1Fc2d803582f3,0.003384827039524457
0xBfe09443556773958bae1699b786d8E9680B5571,0.003712933553624085
0xC002440acA0438738bd87b1a93Dc4Eb86903D6Ca,0.034424113078006157
0xC020a3C73Fc97264a33f957c906a681Ee16eCeF6,0.009314712992977107
0xc03F58A1e27515dBfA87539AA8a6d2046C61bc1b,0.002004642542767701
0xC0B4B3aD82Ca1Ac207be00671185d4fEc770087D,0.000039853235941038
0xc0e1E00E23c1528A38f79cF349d23223FAE3Ef8b,0.026357718235197
0xC104101E06a9B6669E401574665C656B9f4a9117,0.005145077774169947
0xC15daa57A0EC918a914a15893101A246C5E3A5C0,0.063560335213490811
0xc1C2D74f262BD38219e197C223cbee93EcfF7DA0,0.000763419198024345
0xc1d1742bBB0c0Dd61C9E4cfC137B59B1a8f55B90,0.000031006328813321
0xC1e0b34D5c8E9D05a4CA4A46252fC4fFa53Ebb83,0.000041589185626176
0xc2031F743ABb502EFa49ea5f17488EC52AAf196f,0.00004122182297244
0xc234964cf4dE09d252AFe31354F60bAFF836604d,0.216742131510278948
0xc244c4D457C7450949B63F3c377207A1C60A6Ec3,0.002523793913278943
0xC292EAFd5422A9c961CC2630CbDDf04c93Db33bD,0.769480501410180999
0xc2a622b764878FaF9ab9078aD31303B24Fd4b707,0.042372138110198273
0xc3719400C67E4075C4103EA3f4Ae845fF55e5A76,0.000042070184702358
0xC38E60cd600aEb815Dd3b5f4c1C545a0D3321444,0.026066698423746376
0xC3b9cd04560f34049b168Eb5D483270596f87230,1.048707465095370683
0xc3bA02A6DECdfF229E6df2A772Ad3f392E2A64C3,0.037063823496466712
0xC4213ffb2c152fd9687bBDb97b8F49A307Ad9a47,0.001303314121757274
0xc42F0B1330aA4fb7f47c667C5CFCAe2B33206688,0.000042788282384194
0xc43e5C94f0fCf442Db226aB78F4985607d366052,0.016012770258894748
0xC4A69a0f798291c67fF74B0a96b2B68A8A09e1A9,0.000041014274771233
0xC4D784B248b9a4f31941882fd8A5bCD332A39883,0.000041620076450723
0xC54e1B4be5F608751F870a00402138271266268d,0.032686164678753994
0xc550311D24592962a512e8745919e9De4f264727,0.000040994266027429
0xc62317716CCfff2100850f1D4Dc36b0323773999,0.001709329768293656
0xC667ada0DC68A372eedB3734EA053f001f1271Dd,0.000039853129229968
0xC6cdDDC68202dccF0C66837DB0d1C7Df289cE92e,0.39891372839893528
0xC71819B6A46987AF42Cf76D466535605F2913e50,0.052796704517729332
0xC71987D3A9c1abe6ac2Ac0aeC87e1175D3962A46,0.000039650644296756
0xC725fc992DD6e49D2BB50aDd496128e21ABa77cb,0.000040095807654615
0xC74f143047D3f02d6432ad979669878A9Dd233C8,0.000000089222846087
0xc753f48379A242ad90c0690700E7Db0bb2E93413,0.000042635856021647
0xc7A62890DfEeb940fD7E8F0E57693f3F9B19b420,0.000039000045113764
0xC8831DA607CDb0D5E062D9f798965574A86D027E,0.148731896532751483
0xc8c9d0e8571db8ef48EE56e085DB4A8A1712f2a0,0.000041540056691141
0xc8D8CcEbd95b7fF5C30292fFD2D2f5b6ec1B5A72,0.000041062189520961
0xc92c4df3DD076d3ef60f2c6C533eE16616F4d8A5,0.010369142979887552
0xc939fFF7bd2F17b462cC9CB4f25cDC8780EDD908,0.000041222607211949
0xc962Ba9a1a45B79C1228636db5a6eFA4a4b75D76,1.550951737604430008
0xC98fD7830806982E77422D2E9029c4DD236d9D0a,0.296468187747156036
0xc9DB2521343cF66B81cbbd889F5370d08C4CBe0E,0.000000383121546428
0xcAA43Da67191804c3852A027fEFc363b801Ff824,0.213944990447044326
0xcb1B609958e6f02314869a67bebd25ffB719e84c,0.006206313152777525
0xCb6a1FF7AabBE2AFCEB4f7C5A6eC7Ded94506C50,1.195209790227337089
0xcB6bF41fD062eA3c56026450221CC661cb25d5a6,0.001708266283960894
0xCb923a4CB9e1EB163b942032fbFCDFd849e209a7,0.000038801884441152
0xcbBb123936D627d91e9b41455B4eC9715B433333,0.000970836075243573
0xCc27dc254d5c6Ebc069644469737e4C634890940,0.000039853187439826
0xCc7344760e83E78C2c160257Da52Ec9fA9Adb959,0.000041544175576313
0xccb78FE2dAc3349CA4415815A74e960FDae53355,1.145066198261819642
0xccFF4fFFEdc6FE2679734E0b94B40b215d772652,0.0000410308645453
0xcd8F1677d28A0f1fBC27D0760F22ae5384257680,0.008408313698263986
0xcE2b25158885eaF234561b67EcD18057495590c9,0.000038744512596167
0xcE4Cf9dEB8422ee79ED13fF98aF5b4ac73bcCAA2,0.000000661593885803
0xCEa0B1F9379610bF96DA31149DEb54DF468C7664,0.00004101408897202
0xceb638A3DD2CD569992c3D92dB9433fe90987E5b,0.075353684951400605
0xCf23742d078f4122BFA2abA666Ed5a29dbe279c4,0.022541772872705194
0xcF8A0e9930acAE22aDF545cC3Baf5Dd98F0c8E55,0.00349968203305817
0xD0243Ea0e33dc2c58FC501a81cf6Eb234A284c4c,0.589855145159521396
0xd09065b41d01A55b820cdB7c2D9A22B3bf4A3ce7,0.002660234159703761
0xD0Dd260405000aF469F99C7b6F7886Bbea6B7a25,0.010512986342962903
0xd12aB752C00C7b18dbBaBd55F3670b4BBA0a44DF,0.001711051978563824
0xD193B31a7304D02d876E427cF7e17C8cf28463e7,0.00290685299991596
0xD1FC7621BA601a4032fdc2e9c961B6028632Bb86,0.074341077059249545
0xd22c83D3165E6d0e6860E29D15D085D93538f13C,1.712283378356384026
0xd237b98B2c507A4B7A231e6B2D444CDd3092d8FE,0.000041770385810632
0xD25665948B2757cAE16b12038ab6009c8a954b5d,0.005056759132579347
0xd2f91CB4854A039a28e92Db450f58D7626336aFD,0.000040082596383555
0xD301b2FA0864663196498e0037bEf4eDEB786242,1.00278916433109359
0xd36bD00Cc82A3f5b4Dca3b31174Ad503F70C174c,0.000039568141632734
0xd36cB64aCD5785124CaeDbd9f9A19E043eb3507D,0.000042190750603516
0xd37CADbffd63C0D4DB739671c3f8ff52dfA70B9a,0.003592759407335386
0xD3a6BC5372cCE7067EB3F696780459A6A25c0702,0.000039051094635954
0xD3c34571d6E40c902A85aF6643239722be891980,0.000040980718985135
0xD3d0Ee21585138c75Eae8a07479f6179737b4965,0.012699233686455975
0xD42f7148D63e567126f3F436B745C3ADa2F2aFA6,0.000047948085037456
0xD48A8e3832930F55591E5Bef4dDfE7730D88289A,0.00004101427460327
0xd4B45D574045a0a2024014D84f534Be4AAf76009,0.000038948600987966
0xd4DC77165051bc2AeAdFf2C8A681B87163E47820,0.078255691168142266
0xD5a7a1C6757D59fED9923CE814364d0699f7a388,0.114303441760008635
0xd5CfF298A7f6983e4d6733d61cA0087aa5A35F19,0.000041490516302971
0xd5dB7f329d78dCCC31D1394C4dB884A575E18801,0.033559688492235678
0xD5FFeEBeBeE933A70a858DD6b2b68BC45239fd1A,0.000042590962462115
0xD60723a00d6EABaE0da0A398c371C9d0F3a9F289,0.021879282479924541
0xD6137fE836531e08B74ec02e748589ce3767AB1A,0.00004098018652368
0xd64102ac4e211E28b589346aD55513248996Bcef,0.377575938459360737
0xd64193c98D5A5A55e8f313ecFe3643890a95859f,0.000885255688126651
0xd669ccE1335664c906EF4D129493678240837411,0.000477398791677462
0xd6d4a6610e823B91a3d4394eAB6130Fc026e85B4,0.30280221960564566
0xd70E817dEF10e22Bc3256Ae95dd0a79c44A23D7E,0.000040060353023585
0xD78fb850E668199F351D3C1ADd1BC1623B7373eB,0.037387400371894213
0xd790A9816D3003EAd7F108cD1D4C90609D9CC318,0.01307026566224644
0xD8dA2Ae82fDE994918e1DB17fc5160c38725609B,0.052684417215200317
0xd907a93Fe14B6333E7D49C6EDe4210fFe9CEC188,0.001285693976059073
0xd96715347688cD58d9075df7199c0E04E7dff234,0.096728619904504881
0xda349a9aD75c101Ebed6dc907c464693Fd115c1C,0.142828373725820789
0xDAadb1A87292bf175B169e5c2c8868B17e32215B,0.020446245340848099
0xDAe6eaF250e4F4d89fb90b404964CBdeAFAD7aD2,0.037226091519088733
0xDaf7d144385ddC1f460AD3ED077b3d7Fa47D7378,0.062714085174110351
0xDB5DeB515fD1c41243BDC20125474a138528A8a0,0.025033993958128293
0xdbaCC5C47cee898c12718813eA8AA2E18B36DCB7,0.000885158897998289
0xdc4489E2497a2824100FB9c98F24303f1041A050,0.180292672924712386
0xDc593ab546E05Cb56A10FBeCab754c0fe286b8d7,0.000041994175281398
0xdCF1Bb6B68F805dfbF4689EE179139874498A91d,0.00706630833974957
0xDE5FD8D8058499af898170F3549a7C364061F634,0.000041271679795161
0xdeBf4fDa62618b4Dc18dB8e0c7Da3905799665e8,0.01293494943304887
0xDee34c016de863240A36493a2791e20b7c61040b,0.000041965642668916
0xDEF1db3F40f3e69aE88B89B9dF0C7cc2DdFa52C4,0.000041126877132129
0xdEFd734b9aDF829244Dd9b1B13a9916C6937F348,0.000039901262059344
0xdF50a8DE48F16c9B0E8d9E155Bc190E9c4254958,0.000041510574854891
0xDF6DC561015DeCc60D1D136dfc3875003EA0DE27,0.001715730151879798
0xDFb4c2FBd89B6Eb647cFaBb2151AD7A27347F6Ee,0.000885073750543378
0xdfc39EabF62194Ffcde104398026887C48105e45,0.007321689180002021
0xE00805B40989e61597B4Eb026522E92623aec2D0,0.000039901254613934
0xE020Df44BC9e47A233F40582842500f8f679B6fB,0.477776607765584036
0xe02516544d3Fdf6246fD861368a40046fdE06ffD,0.000041126364544291
0xe113E373D697f64b8a64CC10151445619895b577,0.001222292384979092
0xe1c52f56714276420a7800b5B03033B41Fbaa554,0.000041285584439075
0xE20017347df47c2d43d7E9dc435003B9440E04fF,0.057712572133146008
0xe21A26684dfDcb40F5Dddd1700E9f78b86eE4d9D,0.000037621092520854
0xE2aB34001a4d92837AEC9B5177dC3cdcF57Ca72B,0.00004150005749
0xe2C191C15c3924048fE5e2b5FC6f68906032C6FC,0.032204044203671271
0xe2D74f5B59E795D2eEC307499f49BB0480995323,0.000041509103212719
0xe386547A4AE82DefF58263f648308999903295a3,0.000885110431351884
0xe3a2A53E6BC71Bc5Ec34313b5aa783F4733bC419,0.0132178448050039
0xe3c48d15784168d620Afb4aB0A1e5bf8fdb8A19f,0.008306827907200071
0xe3d6E11D567e2c3b4f81BEB0c9fc42cC84B398a3,0.00579754928229141
0xe3e5D5DD3B55A836F40E1c1CF6Ba006029323943,0.000025932410086413
0xe43192C078E391D6243e7e45828C0669162bB9e7,1.220050277459928007
0xe4410A71Cc7B785Ce950bF81E4926616069B0CeD,1.462523676030566109
0xE4B2842f1ccB6d21cE31dA7dCe66c22D68882C92,0.000039493974724232
0xe4f028e9126E97f6bE38Cae0787Fb3782BCa0FFd,0.000884531182419844
0xE5476721db576AD7541389325a03747A8786Aeff,0.068935240624817718
0xE54e7bb107a888543e0692044c848c60b7Df457A,0.000108842821816141
0xe5edA7c0464a456443879DF43Bbb41585e5688Aa,0.001706664935240969
0xE65111375919D925A61D3c4B28E637Ba943Ffce3,0.011440936018691932
0xe674214E203795E412F181D10E68f21A75657401,0.000039697954915434
0xE67ba1bB7F6365f1CdDA799E7d56568456D41A6A,0.001711519474205712
0xe6C719082D655c24537fb2BDf8AcE621DFd154D9,0.000041581016651779
0xe7771e755344b12bd856526Ed447A145838B41f5,0.157004998707322591
0xe7996D8277426873120FCd19fD59dC448024CD32,0.000885223737226558
0xE89bC34795a03BA7fEF80832F62e5d1184cF3365,0.007848357469165167
0xe8d96591def91E2D53Adc77c41D137f68e980B22,0.000039896607790391
0xe8f7Fc4104F7dC8Ce6E9E30714d90cF048a665A0,0.000077954251314751
0xe91Cb09Bb831D630ECE7148a92A15A874Eb3CdF7,0.000040994310149589
0xe91D7D4f84BC53fD795Ac7437bA28D96f238c3A8,3.252767451246810533
0xe9443F635A1D921E960ce9cb164761aCe69C3743,0.000041994530156008
0xE97A02582A9158E43BC3c703fB2DEB652F081bBd,0.482273275479031129
0xeA65C029df6bb431b876f1C250bF66d12171553B,0.000041618812279894
0xEa99A5f1E61f799fdEc1A85a64B87590F30a9848,0.000079419976689812
0xEad8a1Cf44389AE721BAf399188a2a0A8d2EB246,0.005836421342831091
0xeAe9DcdF5D4f226B4D4bAD8950D585Aa95761B7B,0.000514468482285509
0xeB174082C91C23d17C1c606641E1Cd3cA479E436,0.004250838898873599
0xEb25b114ae0A7F72fbd3481057Acf20C9640b7a0,0.000039901235315635
0xEB4f1326829115897c16Fcb762F0f0c937D66C93,0.000039404170774087
0xEB5546Da876fa04F433Aa21A4593d230b8972450,0.000058713755627101
0xeC42145Bc158b4A7a82a0cae946109eC4F356EAA,2.671453489280386478
0xecB496F58674D74Fd9c55c2FBA7E6cd80Acc2009,0.568588116175009613
0xEce1E764c0e58729650f8191258998f317E4C3F4,0.000041561882448475
0xece81706f6C9a72880D30DA861a05696CCc51a0e,0.015555239975575125
0xEd9490Eb47478b11e0c6352446Fa70542a093ef5,0.0060982395871406
0xeE4182441bb06A5fdEe4c31850315327DEfcaaf0,0.000039739683941232
0xee79dc76EB20a2127040ffF07df58840C477CeC6,0.00051430770505479
0xEec55E42B5d1aDb1Af0fCf34916C45fA0Fc29f0d,0.012915735251337872
0xeEDCf2a1A654cF2D0B9415854243651Ae557b8D8,0.00004158945276056
0xEf436E096bF43fC019A84744a400f03683A37B31,0.000042228877348384
0xf0205E6d5AB169081DF01f83023209e4E94D1B4e,0.020756593725856593
0xF023513480a1A8AE7eC8d133899417c8B91b3fF9,0.000039709850494778
0xf0e13bddd8580fca08B40F6dB57705Ae16c8505C,0.000041221953677424
0xF115c7Cf5BbaD260c7eD49D51cF87121E86A30D6,0.000041655612900518
0xf1c4f15e82C107b3059a8E66e03D483533137ca3,0.346153372475083729
0xf23b7EB54E0FDbBa54D9620C8E7b846Ed9F46294,0.000038702468386937
0xf23e11279509BC19F1BEa11fb7e3EE541bc80BfF,0.000039926693990796
0xf244eA81F715F343040569398A4E7978De656bf6,0.000491051851781892
0xf24Ef8a79dE8456a1bA99124D8DEF67b2EDf577c,0.021671811716388324
0xF2878a21d7EA99CE902071A40d4b1C8028648038,0.0000415436742218
0xf288df7003Bab8D9aCc31b0B259AC5E289459FE6,0.000038772435614623
0xf2F835dDdA97F91741f3722901FBE0fd13388e26,0.420300843222709368
0xF33df158E85C322e29997968cF6f95aFF3250eD1,0.055946537387025333
0xf3472174fa006A0bed9319651D624bC5B938dE19,0.008588111295102201
0xF35bae3D095d4472EDeB9fbE7eFDFfD578fA7106,0.000039710032622311
0xF3a2aa053f7A7098287C6175eBfAcFa9995Da819,0.116083011019878558
0xf3AAf1248CAF66614045A56F29Bde94AfF6134f6,0.009450092685282564
0xF45eFdAbEE22C6205d2F81151eaf86227107F64B,0.006424297206727394
0xf46D1cd85f8fc62F1DDd75F3C2aaB86b0E8445cf,0.000041876564768105
0xf504b2BcB9125E3d5243460999668d79F38f9647,0.013172772994279354
0xf5281323F1D7E25D332eb0ABBC4dCfA9B545251b,0.017700622827673269
0xf5433ADa2b03Db0380D8566Be17BC739d8a6e1Cc,0.00835943216527908
0xf559C930e0Ab373f5e596b643d14Cfaa5a69389C,0.007239063764084936
0xF58c8457223C17501Cd8b6E262A835CaEe4A9259,0.000039853216610496
0xf598FdA39E2DD32517D83d7195EF174e139ac088,0.018270916928092501
0xf622101E8f0e955ed714799aD17c21992c8F243b,0.015305207656415924
0xf64416860e74091E180FE0319cdE479BA112A899,0.032394032962755596
0xf669A5B8C6D9E26C4174679d989DBE6F111152b7,0.050003441114990437
0xf6CE5012CDA535fFFc151e6C4EE5a0Dfb851bbC8,0.007869207463577759
0xF70Fa1b8443c620CA7d43a9d17F4bDe8B09031CC,0.04554117618375044
0xf710431e368A1B32fF9d6Fde9E2504ABdbDaB7A6,0.000037621092520762
0xf728B6824110deF33c4f2696D1aB0098e8c6081f,0.0161193937414901
0xf770e0aABb915b0b485cf39882cE00a0F0660A46,0.011452796673140596
0xf7Bce9f89B374FD9322137B398257e62229C2618,0.000041399944147712
0xF86EDe8e7505B0D2dC11fBce6147E9d65cd6adAa,0.000000330884189061
0xf8b00EB9eA7Df873f0C5Ecc8f96940Fdd7415d20,0.000042486360364599
0xF8e18F3Ee32Ce9f83f9711660160B7e3CB963a63,0.000037621092520854
0xF8E7cFDD55538f81E7ED111FCF40482541261FB0,4.403716818111408591
0xF91732Ed6a4eDF3B3B0653524e94830be38FA97f,0.001170632907364818
0xf959ca6303FeC923067b41973d209e4ca77cbE71,0.011752137654681935
0xfA6cA04E09D4A62FA2065032dF4a717CF6fFc813,0.000041563003535371
0xFaC3976BaF284F90d5C4F4Ce1a9E70ef75518a53,0.000082318436047674
0xFACCAd8c2880adfdF2badCFCBc076DE9A6b1E57e,0.00003973960512458
0xFB0f3822a08ae4eAfD3d41056582B394e2Cf1FB8,0.00003973952630834
0xFB3368816DFEF458f6f9509Cb7d95863db229A30,0.019770356708367127
0xfb37A0a3034FcC61A44bcB1C52EC309811255B1f,0.044538280661673084
0xFC6ac6abEDbD2207Ed7E99A78DC643Ce23e632e1,0.000039582117877805
0xfC741A9e5d9E375A573673Df08dE81B0fFEf2387,0.000041308772732417
0xfCEc007875D1B4C9679E7aD1fD2277B84c39ECFd,0.001493558134645439
0xFd86D28a6dF8635C47AF7c6Ac5597893070D6336,0.033178335054407088
0xfDcbD01ea0bb22Ea11Fa44b6C9E220c77BA319E1,0.000039404098032778
0xFDfE2328fa668651C5a2Ddfa9297838d005b850B,0.000041240496717468
0xfe791B87F607AE6BE8449e64d393c91be46a1245,0.016918215454352359
0xfEdC380d4b6B1915f1D1491E6f43B74F00c837C0,3.087988812832320019
0xFf2357963D6eA5139175c26aD88CEcBD2B273dce,0.001210730708367622
0xffd1bC6b2a0a739AE425755a3704B8Be9811CB65,0.00409422965145206
