0x01096756634a780D9889597A51cA08F9797EAEEd,0.00002078435216810190
0x012430f934BC381d9F59a28EA34363bCE170353D,0.02895842987796380000
0x01e5Fe707aAbC7Aa1Ec5f30FF44dC50D9a5A520C,0.00000000195597014030
0x03064ED4a2BfaBf4B6BE95D91E81238ADfb170B0,0.00002080042306463660
0x035110dA0507fd99916c25eecFd1F1946a99741D,2.00042894868530000000
0x036AD8BFA15035AFbeDE9dFe4d116691c2a7528A,0.00001984049621464570
0x039977e493bE2c76540b540EEd9acACf8B7de30f,0.00002006913573082510
0x03c285AE8f5CdeA6a140DF8C8984efaF5AB9DA24,0.00000042803461385530
0x03c6592bC87E7fDF583B5337A0e344B832bcBdec,0.01754694233907220000
0x03C69B7524f182c1f199117607b281a7873c3960,0.00001985288197973910
0x0428123A4c1Fb394D1984eA4ba8226dD8EFD42f1,0.00157183422880697000
0x04fC754f818f0c7e4E94bfCEA07C1CAa043022Ee,0.00001955271237772250
0x05c1Ff33107b857c4FAa6F1425BA78e98Ab74E9d,0.00073662320406769600
0x06567A5f553B9798B4bD5D14c0f0b1ABC34183fD,0.00494950303710426000
0x06d3E6Ec4685E1E1091479387bD730396A6bb611,0.00840520758842755000
0x06d9c8b322D96D4ca481A101Da4E836DfE2E5cC1,0.02072852224402880000
0x06Fa1108f0444f24964d2867E6a204957753b6A2,0.00001883666042833950
0x06FAE78E039C3B1E99B0Eb9bDD50C78e50971491,0.00002075314533620000
0x076EB2BdAe2a8994001562612EDEE61213381A8A,0.06362900175178920000
0x078Ca6c302F6f30285b76099748d1197Cd5E7b52,0.00001952793075966030
0x07e9A1d67b7435F1498037b0133Cd610752B14D1,0.00524348739225693000
0x0838515d1F9B9a674dAe14F3F71CddD39b005486,0.00002100595949540480
0x0866f8D156DDdeC441a333117156A4fd23aFEE62,0.07144231967087240000
0x08FA62A2a936AF3cbe95cB0fD43094BE06FC9290,0.00083912712225102400
0x09135241A46C54eF5A8D621b64Aa161038150F20,0.00002100598211483000
0x098e74d93FF3603f5d9B35b4d923c4c95CF8a903,0.14213428313548700000
0x0A36d8A4e778b674899c8459D49e9374B5A0c743,0.00000036306998494900
0x0a9C798069622553bce5e7eE39f8dC91F391E2f5,0.00178347473763619000
0x0Aa08A5A45F10e9E1e2E496e6028bd72AE448C10,0.01341540703579910000
0x0AbF1f0e3099AE156791113D170C0578a7ff2ee6,0.01012805821609410000
0x0c4515305DA79e061BCDc0Ec0715af5b63f0ed48,0.00002053565327299720
0x0Cb00c4E9987691A917b3E7D30c30826625A6ba1,0.00002078334201570520
0x0Cb64cfEc39e4051254EA04724fE51632dc02789,0.00002107063239021530
0x0E66dA4bC7DA3d307ecA892Fc5980d63ca187547,0.00001940277520877310
0x0e94a756050B8FEf0b6B15D5587b4d83B546D9Ab,0.00001830585665977120
0x0EC6aD1C7c44f8ABabf343323b57c3F4CF57c601,0.01923759253237230000
0x0F1e97165775d92466Dd834fD3cC4e18E5D04056,0.00001997830972453330
0x0fC8B153A114c754091155cF707faE1a1A72248D,0.34619362981628200000
0x0fDA4Ac09a12C10FAe30E429F4D6b47C9A83c87e,0.05108273012614740000
0x0fF19170e120F9F4984504b58247AaDE9004E4a8,0.00000022235507260740
0x0Ff41A6D91E45f271277420BeDaF8aB0126bbA22,0.00001883666042828640
0x10aB83Ec7F07f0E14dB916f048Fc6b8f884c38c1,0.03112968867707950000
0x113B64dE9690e22494dC3C4B6280156e2a25c487,0.03179517935040910000
0x118c75b8C44E473c8494e0c4d43328Ee8ea6b92E,5.38794508178031000000
0x12307bCE1438923703C7Aa09864dD77166732b6e,0.02657240619415940000
0x1252F0767331F865b7424D2Bfa70A1B5F0e7c24c,0.00001940318303830000
0x125c7641FE346f87897390Da6dCa2B52b490e934,0.00001982271141165680
0x125eCE6B548e8F71CE70684E5f3f636a84C71283,0.00001945164909633350
0x12ef34f55bFdE2D0dD9A06c4bb2352E5D9B8c988,0.00001995426940820840
0x13120F5A2636171e12eFE995Fb0AC45594951D99,0.00002075316797987610
0x14C71ca9B5c0E14f1CAEFf900C3Ad18A373a6AA9,0.56185137334830000000
0x15800ae5676031B141ca88C1cDDBeCEA19933a67,0.00043950088953831500
0x15A79509B9d8D17B68b7154dFE5B54E968f3FBD2,0.00001989736753534670
0x161E190344884b1BC3f284e15f8b4cb804fAa83F,0.00002066680838118280
0x16894007836e9F29A4349EA4422aE26db64DEF0B,0.00095488386119153300
0x16Bc5491100cb2ca0AcE51fc5C17f0dba9444592,0.00001995429131672480
0x16e341883cc8B9233cf3F55d3c808C9E82ea9eBB,0.00596589066723154000
0x171E96D96797cBA2c7bD172A3575Ceb7D1879d38,0.00002080969628130470
0x17666E7964368B59a059bE50F9DE0A9ED16e9AA3,0.28536814107840200000
0x17ad6e6E13177920C15c814F59664978A42a66a1,0.00001997595750952770
0x17B39c845B347b9384d0C08B34DD7526Fa6ae43a,0.00002051882771325730
0x19da6e55dA5B0e982eEED5F885011B1b3Bbc76C6,0.03056853398006370000
0x19Ee80C734525aA1335B317C999aD28164397c3f,0.00002007574562594140
0x1aCfaa8d0Acef54604C987Aa52012dd18F6faDdf,0.00650556286028115000
0x1ba476217793DB71986d0593D42706e8028CD3F7,0.00000019498465403650
0x1baF86B552145280117CDa1d3BD44405C2f0D075,0.07436754725902540000
0x1bCE1136A3f71875b3cFA77a20C9646AA5f76628,0.05912802142715120000
0x1BdA066A387B5fEA4925682Da5383cf3fd8Dc12F,0.18924696498347800000
0x1c5302aD98765D84f980a8B382EF51814A0ed2d9,5.94669872126977000000
0x1D18A2a6780B313036d409818838eA6F0cA9D4d3,0.00001995423298187280
0x1dBC1D08D139254B8C07ecA1D9FA714a45D15dc3,0.00002138354191509860
0x1dc4d95Dc2Fa3d01f2F46167d208162F5C7C0e3f,0.00002132506826226080
0x1dCBB7863137b0928AC30D9e834fFe166c0772A0,0.00090254326664431200
0x1DDF447cf6f0629EeDb877E6b6636E76FD6e30F7,0.02516824545875400000
0x1e81eED69C5357713084C96D88c1C4c413De6e7e,0.04154845141914420000
0x1F58410eccE3F3f9c5F8D87Ee0D9AeBe5694125a,0.00621931648308834000
0x1F885fd93C143d78269fcA6d31a6c240Aa1d3303,0.00322089488213485000
0x1FBea51495e359b17c919AEF07035fE045685279,0.00965629513242275000
0x2088DAdbd1D068b8A80894A4bb56BCD575c4AfFD,15.15826025295450000000
0x208bffA42631e6e5DF62236dD412e4792CC8f259,0.00004122098288105010
0x20eD7B39929288FB4a613851475dEf920d9eB4b0,0.00001987654557318320
0x2164D11A23268f161AB210Bbb0bEE7523732014D,0.00483668584444843000
0x2186473547fA23D3AB86dA9EC53fA56cC55C7e0E,0.00025336293648002100
0x2295A0fC524C1a3c21bb8A12A48a1FbdF1102361,0.00002062207110144160
0x22baB322a1bC985D14a01413947B09E955268c3f,0.00003870602640580500
0x23cE144aa082eb38778AfF2379FDBeDB9aE057eA,0.00000216742175477950
0x24193aC8af93Aa272eFdFbe2dCa4786cBD9Cf079,0.00001995425728796190
0x2460648b0dD9d40575687E3fc431FE48a2b399c0,0.03186246769610040000
0x256aC3AcA4F79400bbC47E43baf2148C40e5Ff8E,0.03029802644511740000
0x2573b88C5892bD0803a67b9CBfbCe20506B9A16c,0.00002085669924873940
0x25a085F16F5cC4660951ace67E6E0330D86eC980,0.00001941849637776890
0x25aD2667B19e866109c1a93102b816730a6Aec3f,0.00118816309695502000
0x268EA918397bb5180E524513a23BF7Dd57c5551e,0.00009485298983142450
0x26FE2dB1419D1E74E1fF9c62490D01094CBFEf4A,0.02272006463378120000
0x27d16E0eBac37EF8e97dE8c550cddd82049ce072,0.00001941300508779910
0x2867f6110cF6f610009A3842b2D8A9cEB5AC2192,0.00004395230812099310
0x28BAb5CECBd39870Db7daa7Ec29Ba219D0865804,0.00533161447740346000
0x28bf9004784075E117CcFB0eC195E74E47D58BF8,0.11827319939957800000
0x28D32bed87d77A31B7F30877846564F03b96820F,0.00282795156951631000
0x2949d0157Ef65a9226a4A0E0cFd0Ac52433520d9,10.90162373736980000000
0x29590691250064AdC6fb986053E374d56587483D,0.00001997576832959260
0x2972a2Cd1E944a8Fa33cE3CB6beD2a55Db06b2b6,0.02136485175948980000
0x2992dBE6203175fC8AA8fFaC757099b0DBD083E1,0.00002063978682680930
0x299C43589B72FB42a9167Bba6Eb45A5284ca679e,0.01619663358371860000
0x29f46A92078f6011A47dF128aF735208782579bF,0.00025459949765900300
0x2A50d9A90626AC31fe187E6d145167B6e8355DCc,0.09569529929234070000
0x2a7b1614B56D08Bb8E4682a630Ab7d98499E18b0,0.06306299343712360000
0x2b3857e957D79FF42Ac1E3c2d157a0878e93Be07,0.00504026904804873000
0x2B457D86B3B14507bbbC5018AbFaa360ff65Bc5d,0.00002067841514667220
0x2b937582E90CbE0CDCfD3436559B54d6f19676F2,0.00002002906413556610
0x2BbDBEcE0dE0e4b7F5b74A518777e4B055794977,0.00002102801718843010
0x2C9d1528e2220612046e111a9F609a7045d8779A,0.01730405713244300000
0x2Cb3f0059a710E67d276Ec4fBe6e85cB87fe4fE1,0.00002071046444706490
0x2Cb415b726A63472a4655672634d43e02cd42Ac1,0.98047308137404200000
0x2Cc6D7F253A01a50782a31F0e54DB08999c47B81,0.01140750559938320000
0x2d7CECdB0595F89B92A155E1170E0c2768ACCC16,0.07445246975553110000
0x2dD5904c38f80BcC5B58a5fcA0B41567419Cb3FB,0.00001940481208829780
0x2De09Ab6b6192Feff87e01fd09D05c9E3674083F,0.00002063945960907030
0x2DF7C8A7B4Bc1C81BC06Bd2e25E909d610F88f67,0.06033649106447560000
0x2E2730195261F3858AbB1A659C00F2DD86260799,0.00001883666042833950
0x2E65B66a96712a522d31C0F997c3304844b320d0,0.00002056008736425170
0x2ecFE351bfF74DFB5827F9C922C469fad08ecfc4,0.00322064258774559000
0x2f3218E0434FBDa514552Fb8e64c90025a45bD52,0.02352891905583390000
0x2F5714bffeCCc892042Aa1359fC46483FD632a54,0.00002100602735376090
0x2fa03e75EbB2Db82a5Df756D5fBD1534cf928D3d,0.02552097205792510000
0x2fED15A49F7880B1593248493342D99AD052679B,0.00002056082216505210
0x3015b2dc2a1aba39cE193ce4A88dC031428912c4,0.00066748845575001500
0x301d00171b57e15fF00A5B83F491c162199D1Acf,0.00001952751232605540
0x3102Ad6a9360Cbb12737b8C9fAe7666E0F7D8D82,0.00302337196060772000
0x3104cfC120FC03aeeae88380C03E1801D434753C,0.00001947359305189350
0x3166E1eFC14aA367E882ef77bf7DB012eFe8009A,0.00002002912448200780
0x32219afE1B60689601adE6B3b48Ce2a7a9FA3258,0.00001997831938701330
0x326fD5e844D1818d7BA1e3A038127fcF6810bC98,0.00001987655789521550
0x327D76B023465B209D81ff4547C189F5bad84842,0.00278185589306831000
0x32a3161A13a68A8dd32FD0FdeD8D05eB0412254E,0.00237475071496956000
0x32BcCA9f63aBE93195689f6Af28B5677c39C8356,0.00059157195192257000
0x335B27dc1A77967BccF7D04Ddf0610ADff3bdFaa,0.03713633113829360000
0x338554EFB1b70200CbCA63833aC1Af542c5C43F1,0.00501451760447352000
0x343969Cce3C1491Ad2d768143a1507d58456D210,0.00002056057722706400
0x3490995F33C98725b0B324392180fC75fdFCe269,0.00002952951328191290
0x349A98b79b0e99ca00e9CAe0BFD7bb640616A730,0.00000948952719385670
0x355063b32d9E3429EFbA61212230151024316c6F,0.00001995422325942650
0x3579A97778C8cD9D9DDc6E4d8A2ce31A2b9Ef046,0.00001997601761668840
0x35A26Eb17D48E68b84e88c9bf5ec1ff62357D57D,0.01603689799854020000
0x35a7CA6797E10dB33592a1cdF7DB4DB7424aFefc,0.00002029958212801330
0x35bC0341Fc3bfFd1A11c5d87724981bee7696B8c,0.00002077934677109700
0x35DA410C027c662eb4c7614bC7A92B34e69d25F7,0.00497566871167396000
0x35da61143072716E9CA1DC688E9B04145314E8D1,0.00912411102428086000
0x365059017DA2a465535cc9f0AF4F99a39f2B15Be,0.21298581055078900000
0x366b862656D5F06d506D6FC2C1e31425C2cCFC3f,0.00279216954558975000
0x369eC8da91852978d39723D12c7bBB5ff6CabCFf,0.00002029886781099300
0x37217CCf673A61673Af282Da7ca0798f48fDf658,0.00000370075184483490
0x37ADC5d1FD22CfcAF530B3ae5c40d60ee54ED720,0.00084003810390234700
0x37E4BaC8ab9433acCA9B62DfED849600fDa5eAF0,0.11334167796307400000
0x38BAD2fae1bB7A82Dcee764Af7f10A267bFBBAcb,0.00592594280617255000
0x3938a04E27B7b363d33259708552047A20f6ABEe,0.00001940346778248610
0x39a40F4ACa3298F939130FcF3E625C5E52566140,0.00001973119312698260
0x3a24FEa64DFC04150C15040634D5F344bfF5Fbb3,0.00001941858050298110
0x3ad345FCC9f54e3ec184863F5299F147B142eF81,0.00510835321065195000
0x3Ae5346B38Ad70c5bA01E036B257CfE953C64E72,0.00002007574070549270
0x3aef724259717Be5cA3b78D19777c76d6B75b4Af,0.00001949377458734640
0x3b43e78D75903CB755AF4fC94fA7348b49d5F460,0.01191406753977840000
0x3B5d00E99A07AaF3120Cb4E811Cd8cE915B175CD,0.03761865333927020000
0x3C3D38390523573B1D4DC633d5EFbb1647056A10,0.00684914135683105000
0x3c42Ffd46828948602F43Fd9AF32d74ae64CC149,0.00001950131714349880
0x3c865BCad9c26a1E24f15a7881e2d09400F51812,0.00786029441717736000
0x3D19fc015Be5e6e41bc42Ba0A3B31D995332574C,0.00470934590654339000
0x3D5E0c7b61d58781EFc480e7E948C47af7E4198B,0.00001988250901477640
0x3D95758f63f1146d167d88F2a79361500fb71339,0.00002061271375196560
0x3E26949bc6e8182BB9555CF7a3a4f0F717433749,0.00095811699787470100
0x3E31fa3521a4b4588c334A5b02863A9441457856,0.00002073598647706510
0x3F4A61691ea089c727E684e6B6653831333baBc0,0.00083846018930031200
0x3F7C10cBbb1EA1046a80B738b9Eaf3217410c7F6,6.47536228709418000000
0x3F9E89702a0ABF1809FA26dF3C7e1F747be8b6bb,0.02850264899369570000
0x3fB2aDDB32b4AF809df89F40feF5a51a8Eac590F,0.00001988252873145120
0x3FC630dD190140a970222C3F4Fc2149708e7AD1e,0.00687295293417909000
0x405A62D37cF7a594c86D1141300cf277C539e4af,0.00002055984243938690
0x4158DB707C869d43379EFc3Db8b8e7041885D508,0.00001945168693176060
0x41669A966Cb9EfC0a601512Ce332Dd4eF14270fc,0.00043954270738798400
0x419044327EeB77dDBFB01aAcf381Fe29ed330ea9,0.01360208291561590000
0x41ACAD591e9d3b9E6Ff2c3E350A3708A9371e113,0.00927567218489287000
0x42b2036aD3813B8459090FD8456806DBFDDF8cD3,0.00001975934614797200
0x42e0316bfFE8490c4611Fc17876Ceb7c209381d4,0.00064796437659595100
0x438795e632B96870Ace7EC055acf4EcB70Bf5ec5,0.00002080194340818460
0x439bcc034917C528Eff0E36117088aFBb075B2d4,0.00051175454173137600
0x440C40E1C84C425c2AeB51d7067e61e76EE56655,0.00002077946854661690
0x446D1d1721a59b34dd3c1606a953c7b52dEF2Cb5,0.00001987657021719550
0x44909bDd05ddA8A13c681414Cf684Bf148d5f411,0.00059608723004714800
0x44940FE93F92bb44B7f2b77C768c051B5A8794e0,0.09182009825090100000
0x44C7F6c662ad017a7f56CBC4fE75DB9D753bDC7B,0.60996414619313000000
0x450012DfD9105182a9a0CF26119c1257f96E7F87,1.47668069273166000000
0x4598B7560f51D6325Ab0212d063012F720e97504,0.00504712814293988000
0x45eEA67bD9c01e48840b22edB95021F62dC2c457,0.00002128412784105200
0x46699FDa810305d5F5f7E09F08919EDB9451533B,0.00025324911359198000
0x4716DA2b36F14c68CDfA8445EcCd4BE59111917B,0.00001939292623218420
0x4743568e3D15f284b3b732786e4eF249a8697DD1,0.00002077403642806730
0x47C54258DaE89B8122FA25A18312eC4D469a5B33,0.08417404261045720000
0x487b0C67922a4a5bCbf2EC77b752951402cBB6AF,0.01080307271547740000
0x491048c4E48d5C4380Fe5C6DBaB4e59002CC383e,0.00001975932675772620
0x4915c2Ee1d90791DD6F79Aa6Fc8C2bd3e5F31390,0.00615533617760387000
0x491C2521698FBF871E3f1Dcfd488f5Fece4c7Feb,0.12071403259046800000
0x49dAa930b2C7416591e9b5e7eF0CfBf25fd2df32,0.00001997199747844310
0x4a4A76a730C36217239B1c4F9E9d868F745BeaE8,0.00004174866075987740
0x4A64050b67248c3Ab318ea0600a00c47c763d860,0.00840521767680422000
0x4A7db7b42E26dC80A7091f72e2389b6cC9dEB60d,0.00338099237515407000
0x4a8adA938aA688d4E68A90E4198d498081065916,0.00001995426701041170
0x4abF9893c1c1920EAf74662fb97357D074298dd1,0.00001997188961217010
0x4ADeF2f374193129d9e920ab528Db418060035AA,0.00084223886694501800
0x4C89d3625f581dfa803fF7C102b99B72efDc500c,0.00774359816859966000
0x4cA3A09d4865397cf6CEFdfF35a68856B57d20F2,0.00083984199688508400
0x4CA563F982e2e875B3D7774D58f5130f659e11d0,0.00023821104487337900
0x4CbF836B4D14369aB11DebFbd7e1f91C77B6b233,0.07633216356616110000
0x4cF3ADf6ceEe52Ce96B59adEce005eD6B9975209,0.00001973121741211680
0x4d013565B6a158A8d43CA0c99B42789962f97707,0.00043921762909627200
0x4d31255069fF355198683a2AF453287D37C30a07,0.00002059160125371470
0x4d7F1a8D30858694915827043a925e55bB497F7b,0.00523082455366591000
0x4dc7B755A9729D3f1Df5E70b0aB06C98993F77e8,0.00000904741149885520
0x4Dd1155c9C9BCB93bE25813ea52953cB869e970C,1.54613593241789000000
0x4e53056B80e496f9a73CE76862846B860fE591bF,0.00001997597754520510
0x4E5a61a85eB24C8CA80eAC3737ab701C5066C96d,0.06749653894503810000
0x4E69015D9f2a220c73be2E2D5C03d5bfB7879b9e,0.00785445588785576000
0x4EB33e6bf45A485A39bFf347A34F68b24307315B,0.00002067609309821380
0x4F662344Dc16c32672852697D9F2198983C4DE44,0.02374296658097030000
0x4F7a3d9348F909F9b1b750f6A5DBdf3D295B4f5d,0.00002066912903908080
0x4faC5BE0d39fE4E3c2293Cf6Fe17Bf48cfc2C270,0.01178652759306920000
0x4fD95c6FA765e64eC9313E465F4D2B88Cbf8dEaa,2.39134653872449000000
0x4FEb1F491cE8795cA76559E0df84aC6caA091D82,0.00879915178331854000
0x509aB4a4589555AcfE331369e4b857e81CF66b03,0.00002063998316118430
0x51ddf63A4176b0c44F524DcF759a6F3ABD5643f7,0.00043956990912491300
0x51fF13A729c61ec0a10555F92028c4d07b16970b,0.12416401822114300000
0x521aD3D9c0CA5eea36CfA2b011f074d41344552d,0.00001985285739461460
0x523B88724ED5F6bA34598daB8d85bcC0D67ae1f9,0.01006873583962620000
0x5246c4BBd414c2C0A34FB55F3DE51df5Be7F625F,0.00000519740362232740
0x52b4Fab7FD9565011703e0dB38FF70882838E085,0.14338355465317300000
0x5303572B6Bb8c1a20713E01ace24451D8df175dC,0.00000771514948144400
0x535D6210Dcd218667777209B10932A24779C5463,0.01380560900752730000
0x536Fa7fDa151bc36A8d2DA190F79A831B2c60cd1,0.00003903272908375050
0x53A1D5E35a50822E63A174DAF621fF992780E047,0.00001941862256578150
0x53b84070a35A6B118Cb4288b1F55f0584ab0E3F1,0.00002071013507137180
0x53F386dc406B5fEa8E41f1584f09991Ad502cc28,0.15151295722459100000
0x54aa1B11aa1769CD56c744e9D57Ca0d5799313f2,0.03693698665397200000
0x5594f57CCe04aD8C9c8506CFCFAfF8f24a6733Bd,0.00002076099162861090
0x55BC5E6Ad29DA823854822749FD2Eda2775C78bd,0.02428291777827140000
0x55E7241766A101596Fe3745C6c10AfC4f90b1987,0.01330846061059420000
0x563d27DD2E9F36157c658501222A7CB23f690c28,0.01312837794778250000
0x564d99C7F6259d8780DA789f2f60c5e4565A5617,0.00786023113455922000
0x56632dCb40E4ca09B048b3D703187ca586eb2100,0.00779578227633344000
0x568C8bf4c37e1C7c155993c28fe15FD2677d77cB,0.00001952772154116830
0x56d01954f49e2B092BDc68c7e418f7950FdDa4fA,0.00002082366200810600
0x56f386B8889Fc0FbAF0f5300937B3fe0e9064a8f,0.01027395965040660000
0x570573bf1ac116662DEA0A311053Dc6f1716A727,0.01406215429354880000
0x572Ca451D0CdfB76efa04033F8692Bac14c9DA17,0.00002082352825481890
0x574d623D3738dB0869c45223dD08FD986117c6F9,0.00002002916471314170
0x5807D303DB07c56Ea8F12517Eb8fc4254f82Cc1D,0.00002080857013783670
0x5838331D0fFB6126520B3c79fBf3DeBEF0eAfF19,0.00002078194518505820
0x5862BF80277aBee3400fF94bBCE2768D19BC0980,0.00341583537401510000
0x58cFC4de4D8fA3Fb1e18447Fa0773fd873143F67,0.00002052556653227680
0x598077747d76b8339AA07790387660Bf6A7A099C,0.00834028603242205000
0x5A857092CD7dD48986E4C8F22825b81735C151B9,0.00003903108123261350
0x5AD281962749996e020E7f843a59749f49C30980,0.00001989740699834260
0x5aec3d8d78b59c99Dbb5950015825aa633BCBD23,0.02870775991132780000
0x5afa18b5dBBeDA51F9e9d2F7424bA9bfF15217A5,0.00000016692433163160
0x5B9c5a15db771C0568611Da2a8364335b9ff613C,0.00119937551801603000
0x5bd1323E3fDa9494A47C9ea3534dD06F7a7D1611,0.00001941853844031010
0x5bd99003fF9Eb9F8dB8dD0F43705A65936fFbbfA,0.00043966502657298200
0x5BeDeC25f5e673E943376536D9bB7941Ab3d3bf5,0.00001940452754192230
0x5C59c0664451a0A5bEabd3B81F99Fe99729261BB,0.00002100593687601610
0x5C82c3BCE77480E0061E13AB36BF7AA55729eF08,0.00906979408340559000
0x5ccA1fE50de9CF55f80BFE8793Fb63dDeDf4C00B,0.00002006912589630340
0x5d2473baAD8DB6c6d0f6E7903fCC83F91D2CE38C,0.00510835321065191000
0x5EF7F987C3f49b0a134F8bb90bE569365F5c1E5B,0.00002063985227132710
0x5EfeC2646eb5D768dfA12C9943eE2f1Cc458913b,0.00380738841345471000
0x5f0080bcc2223F94Ab2ce753095ddF365982CA9a,0.00002056033229345260
0x5F1344766eCDa098075D3f384b3925EF4Ae38524,0.00002101242891556020
0x5fA275BA9F04BDC906084478Dbf41CBE29388C5d,0.00020646012881199800
0x5fFfd607B26a9A770e4Dd7dF1CE64414B9fC8052,0.00554698221014430000
0x601380cdBB75B38F9d9f054Bb7Db404bad056887,0.02113068561729090000
0x608972868362504b4820Fc26aA60787f45159913,0.01014588531527560000
0x609fDA58feC20Dc5fcD21c6d0E81F056BED0d8dE,0.00657650097174754000
0x60A57e9c12417ce8578C81407407e4eD5a4e41b9,0.00480876120702369000
0x611dCd191690a60A4ed50021505882762c316Bc0,0.08639630143105420000
0x618EF5aeAD711643e32C4e2DDed7670DD98f5b99,0.00269031220341716000
0x61b35C631A96d09456C6952574C865e48bc25261,0.00002002445374508480
0x621696DEf969Ad923eD57CbF8B59C955D47e09B5,0.00001979828086638640
0x62261fFE617505213c5086f0ED87e561a2bbcF4f,0.00180413708580374000
0x6283827Da4AcF083679d7744F7c99294c84B3B94,0.00002095956701119700
0x62acE6AAc2C60ac34A806843dcb55248d10b23aB,0.00001981992655731570
0x63111ce4d290A0DF4141a42a2cd054470b702225,0.03134383159584510000
0x63646FFc589ff5ea48029aCABEf44fFf7F72c6Ed,0.01010630774068840000
0x63719B646e21914ED49c6cC5436F39A2faD56C85,0.04849034003558700000
0x63C23f83d0F74684Fdbc73D85ec18bc47c31257c,0.03033476182140340000
0x63E1FB4493abDA92966A43824018b984EaFF9093,0.00588354693544513000
0x6408Fc7dd840ec0E637438253AB5C069B49cfB2f,0.00002067377139752170
0x646f535ABEBc5d9755c0101C3F813D76C0a1E0C8,0.00059136352300344500
0x6536b97A729c39eA1CBb10edfD54675AC1E87fFC,0.00001973122955468720
0x65427EcCD2320B48DF9e37b24f8382e714b48932,0.00001955263467724270
0x6582e15ddb3Ae8F1BB1d4835A7fac458caC5D273,0.00000893222739515680
0x6595b6442648Ba3405c855B71d70AA0156Af0331,0.00001940183865889240
0x65dc80008FDEE194e870598d3ab1db1A63B73750,0.00001973124169719870
0x661bd9e8e534c7D1CD9C7A30acb5C5f2D0647231,0.02627122260432110000
0x6620ecF6244dfA31F0170D50F5bBDe2E867887B7,0.01491821101404910000
0x6623a5395703a69f2d383cD314B632266AA643CD,0.00003838622470600640
0x66A756db3A67a0c70cc47b10a87Fa32345b1e83b,0.00002077922499663990
0x66EccdAb762B58A2908405ed6F08ED136E501748,0.00002091393756827060
0x67aB128cc685e63D0d0c15F461be35FE30094456,0.00001985286968719040
0x68A39C626C6aF5449e1A8CDC3cEFb4FfdC9AAC78,0.02426596242294310000
0x68bf7560F1FcCd71E415eA9FBBf81E5811006576,0.12719499880540300000
0x68FE69bfc4D7197232BCA722F08baaE3d51Dd4D3,9.90749257665853000000
0x690a203dba3a453d534AF6A4CFE799B2E393294c,0.00295189966091178000
0x692749f7c149C16acD4071E218f4e146284012c0,0.00002077152091492790
0x69453348a946015F6Db62d16e0f55144cd4B768a,0.00002068073754290240
0x69acB25746533Cd28147eAfF75d001598374454f,0.00000498698930130610
0x69aCd592a4D645c83b102a446791847F2c2097d4,0.00000033347644766700
0x69d5F8e1C2b8982A17F893f2658f3adB6a14929b,0.01132901366293400000
0x69dE20cF57b794962689c3255292d0703C87ECfd,0.00151670092649034000
0x6A9F317543335c8EF6F6d1a9e3b771cf151E8a4b,0.00001997833189379050
0x6aa7d5110A4B4ca0e19CD19eABA92A35458a0766,0.00355789519822238000
0x6ab483366f91f0aAf5C32248C9d16CBBF5389ea6,0.00001987652092933060
0x6AC25224F728dFc9233A6320B4CDaa148393fD70,0.00001935608968652680
0x6Be57B747676fd2FCfF3C6c39d9E109EB7Edd0A2,0.00233476956145525000
0x6c01fa4380C0274DA8D4f1476b2B59D2a62672f9,0.04621745695574690000
0x6C2c9924842Ea5BA2673696EBd00DB8539c2735F,0.00001973120526948250
0x6C924AB13f2de31Ff1f9B0394933Ae0f5D4a7a21,0.01754796163509540000
0x6ceEC3Ce62c046C341704dCaf3969C89Df083870,0.00427673509822093000
0x6D4807eD61C3C0046d5F6648B066BCa1635BfB5f,0.00001923168372383240
0x6d8D6f0da53f879D7a6001f6a6a08CB14cdb17a1,0.00296027531469522000
0x6F2bB188BefFD0C689B3583549AEb61aAb2875cf,0.00002055910769109030
0x6fBeE262d178269E3EA408821193780f5c7b7e25,0.00001985289427238520
0x701dB3a7B1D5D7879607F0f47aa7880F2202c004,0.00002072873187045590
0x706353A944c98f2D75Dd780f03D0779ad95898f1,0.56878307740095100000
0x7072D68676778f421F05cD36dFbe63b402F40BAF,0.58114742541185900000
0x70990fb63fdCaE10368b0409332A916FB0f1761E,0.00406198252565707000
0x70A7F3F77B085ba95dfdE9230e471e38b05Ecd6a,0.00002078338715197210
0x712406996127409d616aeEa67f708ab4f9e51f30,0.00002051876167170150
0x71414448b162Dc986bb25a04DA7C0B666209254B,0.00043954576282723300
0x719450B5feD41e3ea88aCA1745Db525a841366Ac,0.01726043284545980000
0x7195A188dDc5BdE037809531faDA2e0b599455A6,0.00659132788214389000
0x71fC64e6A7b093f809017166253DbDeC03ab89a1,0.00043922582222180500
0x7227fF860eCa62DCE5f78f8063492CFA92B87B51,0.00025319808879925700
0x7250e7b67193Ae9eC6939B351eb1811F9FC45814,0.00511540961489357000
0x7294402Ca5Af4bff9fD8455B28CDb59673bDC214,0.70279292477991300000
0x72F42Fa01716D6525B1385fb9aBD2Fd125785F30,0.00092739557494013400
0x73157fe65D309c614Bb17941587Cc9DE8057D9D8,0.00742788395521768000
0x73CE41f6c09B306202816dea3b7873d902Ac240a,0.01250896771596420000
0x7417aA524BF1ca3b8c26d0fF2d3cdfA83daE4398,0.00002138278424965980
0x742F6A3589168856deF641FA29BBDb2B51B12488,0.01001620582994350000
0x7450872A837DEEF45d433FF74Cbbbd98fC6160A4,0.00002029743833778870
0x74a98cCe173f15fb1425f952D3C14E59e74ac917,0.08200589603853370000
0x751A398c5d2a19FA4c8428014Dc3A35E415061df,0.01401942355337940000
0x7529897524AE7F03751e7CA2dba84b079f085D34,0.01433661856926480000
0x755b8D00fB2C06B4afFbC879f301F664d88de65c,0.00002068538337908190
0x7560E255F7D5ABd4Af80D48f9834bad510A27835,0.00897193427625189000
0x758dE56931D561994d0197C7Dc7738EB00B47a16,0.00002053434865425800
0x75DD9c0F036deB20787aaCd8857B4B9578e70AF4,0.00003903092592919090
0x76F2E107A4e7C58AE2CE70B71c465A35656772aD,0.02637446091773020000
0x777bf6c85F3916c5EE3d12343aCdFaBF18392D64,0.06902804503763660000
0x77f167cDC43b967658EB8aE473f94402c1672986,0.03289897245323550000
0x78267Df2A2F7f59738B96E9fBcF657BD4adBb082,0.01140793805958520000
0x7871a37D75876582766bc2c9b955DbE24fE77fc2,0.00002054393540860450
0x789F1Bf6D3ABCe242E9B55953C8Ba107f6c114C0,0.00002002914459756830
0x78BC04B6e313A4d4e7A134c633933a5440FA5E4F,0.00002051707806295790
0x793CBc611D5c1C4C359Fc05652384c5c78A4eEaB,0.00002078331944760650
0x7940584fc34A0f6A2536C0dfdeD48572c63Af92D,0.00672510870283572000
0x7a243437D599b5C5C0E5066b802e394A6B6DF38D,0.00001101286422611210
0x7A3e42cc4247ED9b240B2A729262C573539864B1,0.00540455156926019000
0x7b1A3F1A6b73ce075Dc48A5b14642B838c599475,0.00717793677642085000
0x7b84F7a588bb3d1C5294Aba2b7dDa95E7E985466,0.01247698572692850000
0x7bb5136464434048A7b3d8bEdF1c6313055d2931,0.00154369421233740000
0x7BE38EaC065B89102fd14055Fac6e15775e5a0a8,0.00002006913081360320
0x7c11CfAFCb06cF32cC2898b1e6282cFe91391508,0.02837543574331550000
0x7C684BA5387688b2dF88A51F759aaD4A4b07Ccc5,0.01918403583796420000
0x7CcDbF78eF1578B386771bda1E9E3CfBaDa1D57b,0.00001982131891926570
0x7cD77B1ad340F11785F81Ff45D3b3a24fAa864d0,0.00043960210920453700
0x7D39eDCab7AEE7eDb39447638199C56fb0106670,0.00002051878368548810
0x7DEcFEC381814421d77430c193E232BeDA0A1fEb,0.00001984047664863530
0x7e04AeD938133f778d9cbf1aD38A73f163674699,0.00006642091517875770
0x7e39435ADF8BC00b160c58A0CF1d01c57d144709,0.00656726736237886000
0x7E82a7Bb5E6787bEB07C363A0fbb42304AC04525,0.01157418024305560000
0x7E987d455cAF80129F624817daB8A7726c410eA5,1.73890963507266000000
0x801c0e74e91985c1F608842d36722f4FafCc5142,0.03769402436587300000
0x80EcA77BcaE47916Cbbe33679aE7382DBC46495b,0.00043957772281411000
0x80f900994D69b9012CE551543d26ebb5A8ADd14C,9.72034593126564000000
0x810658c23C13624B8e54A4652332D1b1439c4127,1.17627548427357000000
0x82628b0d44A759dEd8FFe762700AadcaFE7A4556,0.00002019022627536840
0x82a6D4d51D38A366171E2dBBFF53a51456078217,0.00083816777284471400
0x82cF8d66080679e11e5E54ef59f4B27D8D17de3E,0.00510835321065191000
0x8340a6bdFdE254eb3f5a858BF23d30E28E3b32d7,0.00223173263750205000
0x83Ebe39Ba8Be726DdE69E05464c913bf1C47B658,0.00500341417749698000
0x83f1b10cC1eD1b2112df15062F985e7612642fF0,0.00002053556032826060
0x83fE459B201530681CddBf20EE67248995d2a035,0.00002103998040301300
0x83fE689576EE2C1f40A59B7ffD4AF8805B34CC5e,0.00027837368617629600
0x84224b971DD2eff82aE1efefaE69834062aae5Bf,0.00002083293323327950
0x842eFF24114c75abcc7CB3a27D31Ba997D8931Ab,0.00642127668256258000
0x84912149f93D963ad5Ddc3c2781B1950d160a4DA,3.00065729428080000000
0x855fbC5578e7161559B46B762744588bF0AdE28F,0.00043950909255356500
0x85651831753eC3469c583185e6A1A1659B748D9e,0.00001940049440368070
0x8593f16095e1A7733418a5622FeC34f010b12fc8,0.01326618823152580000
0x85b8927cEA8649e20f64a8C0192D0CE460605B94,0.00305336815503993000
0x85c7703257ebf4c70E5ba656703329E14ED20972,0.00082742762796988600
0x85fd007fC508a5A4F34422891c83299Ebc423246,0.00001975938492860900
0x86bE4d65C25558FD1d447A33144E1c9690F67e2B,0.00152892171432182000
0x8746c802E9F38Dc37B79595D5706DdD9569FD0d3,0.00000027794384631240
0x8860f7082335f3950429C8B295a99E2D0EAC4Fb3,0.00084010430848149200
0x88827b479eae4Ef7b01b7F6311C7dA3f37b8F635,0.08843709945042430000
0x888A01a312b98A6Fb2D947e1D4D1c6d0f3844a68,0.00043299112073953700
0x89044A9f24E3251269603c0fb7Ff0396a2d71A89,0.00231552402106978000
0x89Cb345aAC29770a878824AF6066c3436029a938,0.00002063827440691320
0x89feFaAA656440D4fDE4384727ee5D65d2EA03B9,0.00002082372888523400
0x8a1E75580060220CE0D1903864672e7D2010C940,0.00002055886278373960
0x8Ac33f28C0B2ABB8039F3b913711BE866C0753ee,0.05375330994726580000
0x8aE035cEFAb5AAFe1b33F046ea994C102d87e7De,0.00408955788960234000
0x8afF272d3De4B72b22C196a18312c2dA596e91AB,0.00003903100358079270
0x8b437D4bD3C5d73c5A8fA26ade78FA5770FD6528,0.00897193427625189000
0x8C64D76b1600D52f10618883F8671283E3dCD5a6,0.00002060090864571970
0x8CBdad631b032e6C5725ba4d349c439FD0253a83,0.00002053569974561310
0x8cd83bb1f0a7624e3f429A73527c17d531C231D8,0.00001995426214919220
0x8CfCf654d068FfeC0D1E0E60AdeBAFA118f16b7B,0.61500532443333600000
0x8d003E4468594137f8dE24121886bD138C3aCBaE,0.00000007511433043000
0x8D1eFF4Be5417Cf82E95f93952943f59473B71C5,0.00001935850821948380
0x8d224CB2E2C4AE5a057453A04A4D47d17d6E7d37,4.98687493737346000000
0x8D23db07D24450D3B868AF204F3AFFB27a89FDd3,0.00000019385594352660
0x8d33d1F1319f98C5196Dbb5b392Ef33BbafDE94E,0.05085059673646610000
0x8d72f10bF14927308090D97B1D58DD3e00d9B7F4,0.00001940615651833690
0x8f223C402266850f902D4Cb10b784C58162b6C08,0.00002052563280739420
0x8F91CCf6e0B810689f272AcD90Cf7b8B611a4807,0.00084025074242465800
0x8fBC1ACBD97D9d6D928E794BEb96F37888D179D8,0.06549877425965560000
0x8FE9CD7B6626BE090F9B4333AA8f97B42F00505a,0.00002059185790108640
0x909Fd983ab19BDB39d36B7d245D4E94a6E41b70A,0.00262780319095533000
0x90F3b4a5FE78BAdAcC1C64d2a59EDEE003db3Bb9,0.00002072868668972810
0x917aabAAb1d5B390c02c7C27389cFde5C911670B,0.00004122555817850380
0x91A4fDcA0355191d95E951b3BfCE88d6AD815688,0.00652036968204289000
0x91ae6B383fbA985F6641D46Aa4F6bE41f081E347,0.00420907865963601000
0x9268c6A34824D9B41C3EFFe4Bb6d202D69ecbA6e,0.00002077959032322680
0x9283add457C45b6771E3e389DaF6352295A23c5c,0.00001997605768828610
0x92e8c440bd5Ae54C9d95CE5a4d3bC8151FdA63D8,0.01970620663137680000
0x933A98E4d587411214337425A3a28B8fc11FaD05,0.05973217626075750000
0x93d6D6CA0c6A0C2dCd99A39F7f210e1CF4A0D86F,0.00163920266182304000
0x9457dA5a017B96f81dd5887159f8aF268685CCB5,0.02439350702781860000
0x95348E20Df94988FD363F37E8A979A30857b1d2b,0.08065566924699940000
0x956a64f1028DE63B3984637dDD10aE96662B3aCd,1.67893777420281000000
0x95764B8dcC5289778C5Ff2e26E8080a1D38E3bBd,0.01267983130654760000
0x966a139f55AA56742298525bD7306c92D0c51CDD,0.00185391647383571000
0x9693200746C056Bb3E548B6A25c5Fb1d5db2d874,0.01630468090071470000
0x96a8BCa768a8d5D455360F992cfF54DEfFA19E1C,0.02188151876173280000
0x97e931494A837Ecde1d2f152fCEf1C2F5E093356,1.63392236801034000000
0x97f3cEBAd028A5a74ECc9E936d79FE4Cd80b68c4,0.00002063965593878010
0x9813d30fb9A415A968dC1dfbCae3617Dace760e3,0.00083831128209936300
0x98289029B0d4bB73Ead9Eb1A3300eD724Fcf6779,0.06257354355912230000
0x9843FCf214C572678B56457B429323297968b8b1,0.00002059192206362530
0x9866049C973772845Fca3b4727b66755549B5D1F,0.00002073459940986900
0x991c4D7D1C194A6753799f788fA49218181cCFfA,0.00424506681675139000
0x99457eebCff057a09467Fd85c4a0F2BD4d1de53D,0.00001941847953762340
0x995D5Aa0E73fFadf8dC0c04a55878E1b61c5375C,0.00002106404212249740
0x99cf6b66Ffd14BD9EB923e0dDF6EC55c538F7398,0.01338448490903690000
0x9Aa8b926dea668ECBa646C87692F3d2852F5B1E6,0.01141966911713570000
0x9ACd2eB864D80d66146c8D44d6c7420eD882d9e6,0.00001941020109442000
0x9aD6B4A29639f8bB709bff47b07a1D0A862731aC,0.00002080768344006180
0x9aEAd93d3ac9de878C1dcD5428Fa3A376F359E95,0.00002114336347206390
0x9b3247f6CD6B5B8FABdF555475A356e3B3fE77e2,0.00002100600473427100
0x9b4804e8d8537C0F67cd9529eabd8fCa30118785,0.14040013269303800000
0x9B9a63cff3D7C5FD7C805eE88B0AbD24B134B765,0.10574155596819500000
0x9bD6c1409aEdEf8f0029CcFb2914d62ECdAc55e1,0.00002063972138269280
0x9c1D152cC101a68226c7DE4D502f52ba0D76Dc75,0.00902543675806230000
0x9c740fcc52a90c074FfF1f504Ae01F0cBa6EAB10,0.00568654899627531000
0x9Caa38d16734FF47d6ADB362FAdD4f734942A20f,0.23702164412642700000
0x9cE0ceC235D2B78Be0406f735C310C4122006c98,0.00001988260759840190
0x9ce7687B829Ee4143307fEef23Dbc3f885c043F3,0.00001972941297356670
0x9Cfdf61dD6BC48cF0eB8AD8d5b6b50aCE8F74891,0.00001997603765246730
0x9D3e1B57Ee154A3ca2537ca1F47cb19e4B439543,0.07671851884553960000
0x9dBD4CEc1C3f22A351A2E25AA57dae1Cf3DB3919,0.88423474460499500000
0x9e145a59854686012308F3700b611080C8A8fd55,0.00559552769177410000
0x9E4Aea4e2131CB42AFD0d70b456b5D0Ac724d975,0.00032529579417152800
0x9E7711d9606fc089396A9dF162b88195dc3B399F,0.00002064004860660390
0x9F4FA642f4B6964193CAD669411eEfAE458dab6d,0.00002056106710741670
0x9F7Bd3e4fCC6D6db111C4397BcAb3A3e3c7Cb056,0.00084259434176030500
0xa0640F102612079aE2034608a32327e47f170653,0.00002023296233618250
0xa12198D7084522a7eC11D31cb284602a7ebB218e,0.02813176700689160000
0xa1dc80d0bECcA201e2eBb2D23c9465A42eB35592,0.00002056131205415650
0xa1E52c656C72C66034a019Ab5F000E2002BC50b0,0.00004060202457902640
0xa20827803E3fCc383304f9F8d491fF3cC57aD274,0.00001784503102082820
0xa294D064311c097AF7cCed0FA1132A6072bc06F9,0.00001955267352739380
0xa3313F52092A5E47D2bdccE671302448f08F2262,0.00001934606764224370
0xA36908a58D2bA8E18F1D81c0e7E356B569a78146,0.00031583606021258400
0xA442fCaDBcFaACB85DF9aCB4AfDF0769Cc6AB3c9,0.00043961797620649700
0xa4773c6De112F0f7e916f72c199B2F2c02749Cc4,0.00002007105365782300
0xA4A5cEAc11A99DF7a67Ce66Eb90995D69d8DC779,0.00000016723777137440
0xA51Be7Fb353e6349839D57944DE89C26f6afe1DA,0.01548900429166990000
0xa559Fa32672C94c3E427054fF77D3415C831A613,0.00001975936553830000
0xa59F91FB54616f5aC4789941cb621fF0Dba328Ad,0.00001939290944182010
0xa5a3DFAcA553B23aD5E3789b70cf7af30d2d64A6,0.08292617099024050000
0xa5Bf6A58DF42c8746E0DaD195029683a9A2f6d32,0.01015531260450030000
0xA5E4B270db151dc435B9959D0e32c7dd986c5D25,0.03264893059665780000
0xA604c8752cCD1622D4D16012F46fE2Fdfb11065c,0.00103197147001238000
0xA66Ac78CAf3e8252675cD8d4bb021f6A72691A9b,0.00033579739495153500
0xa697c69DeE25bb091803820DD36a9673741ed4B3,0.02548647273038830000
0xA7655aE47A4745F2AD89402BEaD5fCE5E727cB5C,0.06408659235758740000
0xa769613E2E3F4636D3d08A0117973E20AF455f93,0.00001955269295257060
0xA83Bd310d9A8AcA40D60a832510Ae89a67e0BdB4,0.00083765495081298100
0xa86059823717Fe4Cc998699044b66BE2E4DC67C5,31.77278346812550000000
0xa895d725B71CA1A4967d1222e4E1c1168AAf94dD,0.00002055935260279880
0xA8bB2e8898192852a08e52f504aee6E1378D4151,0.00714551812201500000
0xA98eae99001F02D694EF10504B82Dd0dE7648A8f,0.01019780700491030000
0xaa19B69b58C54866eF649D793b7b5905ad85C5F7,0.00002112516896973740
0xaA75F715AD631A9B1e328C8463c1f597378da724,0.00001995424512394170
0xAb0D8b45488EF2770Cb1f6BE4ba781aD078e4a02,0.00002080979611193360
0xaB20dA8E82252d126F0318aaDA1d7B9C33512Fc2,0.00002079884098387540
0xaB26641fbf3Fd29D8659758193585C8817125876,0.00348481707804767000
0xAc49e0b55cBB4d5b63ed2942EA6fb18f450510Ad,0.00002059166541515080
0xaC83F3c9a7E24aDBcE97C04c69a3DB31F13A3e4C,0.00001995421839822440
0xaC97AB17B0aD3A231e108D07B2a95fa55a6e33f7,0.00002132789971061220
0xAD3f8cDA1033Be6DF4e7a5aa43Cad4F4D4a93F10,0.00003316801155771350
0xadB1107afD2200CD1E1A960F37c5E47C7A3E4E36,0.00002055861788078310
0xadb7903046CBd90ca18e163C07Cb9F1f5acBEC9D,0.16200341754988600000
0xaDD8988D64F3A89D6f9fd47ACF409A07b468228c,0.00001995428645539330
0xAE15Ef67FbCDB4Cea4449A15D087b14d08297169,0.00001995428159419040
0xAE7B43Dcb799D0Bcc7115F86FFc6C4E7E66E4A4e,0.00001945166801402090
0xaeAE289EECAf50E5f14D2B49f57Ff6FE9EFee135,0.00478384647744208000
0xAed8a2436DeBf5955aA8158844Fa2A58ec95A2Ed,0.00226347932058705000
0xaEF5ABc470B000Dd54d9A0860911BFC0672D83e5,0.00001935604796246970
0xaeFAf309678c64DECfe351C0a51c9D167169D5bE,0.00000022298203345520
0xAF4dc7bE0c0e8Ae381ff2054113143724e3242F9,0.00002059179373876500
0xaf87c4B0cFcBd24044eA61ced26564185dcbCfDa,0.00043950529756948700
0xAf88a8664c2117240Da10e8E0de95F7282D60602,0.00001941317319009350
0xAfd99e47B11B88A543b78f6723D35c2d5DCDB16C,0.00001997833593222090
0xb006cf3D10098064e13b59Fc9D0A18DE74EaC4d8,0.00001952730311428760
0xB01F4C5d4c404877e241F04F072EcE5b933CCfD2,0.00113443819701475000
0xb03678EB72cdCFF4e07391c3C413439E36aeB604,0.00306486915268523000
0xb0602a356eBA66D6ba1CD3CDb70cD9EDaD3e2ce6,0.00001995427673287130
0xB08B8C78EB023fB0D697895B45CC74a8711808B9,0.00001972942511396730
0xB0a3CC74b0de3E720fAa6a5F0B7ABe02BA57F668,0.00002063939416640950
0xB11D5678Ac45D90ac1F336A1f757879815377961,0.00001982410403448490
0xB12E392f164ea744263760AEbf8F5EBFB3b4bbBa,0.00084031615758195200
0xB1aB05368C576dE1F0eFFDEe5FfA6054e999C5B8,0.00002367778912674730
0xb1D377a101009D4a68595163259a9809D769349e,0.00002073358076335640
0xb269A708749aD527343A988DBA6019ef116f5536,0.00002072376214059100
0xb277Cb0D629EB9Ed74b4A93e4B45260FC01D1281,0.00322039031311872000
0xB28cD877034721EEb723Af1a329f60714B39eEC7,0.00000022229798594140
0xB2CAaB51633B88Ac8f7794Cc9C578448FFBd0c6F,0.00199929798398435000
0xb2d63A06A9AC3Bc39A5774DAcaB29cb3FcAe12B7,0.00002051873965790250
0xb2Eb465A34c6e5E27391D78955dabcbCAAAB07f2,0.00002138328935545480
0xb3279a08A091701B8EC10D061402E9a70eFbeeb5,0.00002102776549359020
0xB355df7a527f215F51Af23396C69094955840E2c,0.01349411605917500000
0xb36c94f9082bc1435b53bE1bb3a95312D4653083,0.00291189267367175000
0xb4079F37703Dd649B82C2372c1E63Bde26260d1F,0.00002008343627140870
0xB4559a67452824C8c40a6B7e09F58B78968Ba2ec,0.00002078329687953210
0xB4fbdA7C9024cB1ebd9F66E1302cD292Ff6af77F,0.00645514287264011000
0xb51D05c33C7A42fe06Fcf11Ce034E8498788b489,0.23608310675678700000
0xb53E5cB706b47EE78B04cB41FdA6D0f8aEE093E6,0.00002095963623869420
0xB5695158dAad47bbEEC6ff77B05A41f20a68237b,0.00000022283960804560
0xb6d498074198Caf803CBf10d3DE07c8D752036AE,7.60439880287263000000
0xb6E34A8A93031a24C264Be59D0BaC00bcaeF9051,0.00076103193556605300
0xB6f1A47fD0aBd85a847B07e523370aA98f5f856A,0.00002112542274374580
0xB847391b544DB9a92DB58BF779C1C1EF2A2B6f24,0.00002080971810867160
0xB85246cE9eB29b8C9103a35732Dd105f19cDf7A0,0.00870314547820101000
0xb8795bd2e83D4655160b7A1F209c7e04b58D7009,0.00372780488196430000
0xB88f5E9ea2B66F20D38158E4a4EFb04F4E442d17,0.00509481986887076000
0xb89842d4361a318D7729d58950676d4649448484,0.00307606265834155000
0xb89953b858d014dE8637DA08ABBb93DC9cDac4Dc,3.13374280763989000000
0xb955f9AB119509fe640a873Bb69A3ee6Dd704275,0.00043924998342751700
0xBAab83De8DbA764bF02a530cad33555bD23eba22,0.00154037281304021000
0xBb25CDee1bCa26c95dcD2EF9cCb57bd6Fc76F93D,0.00002002828419399800
0xBcaBcf4B78Cc0b6B9e06bdb9D8CD1598F3B64811,0.00000019454707057810
0xbCBA33C564Bd4c92dEbd77f4e0c6D7a1ee3c64F1,0.00028329937105552500
0xBD1D64FAF9535F7c274741e16E14b15bb3fe42c6,0.23811988305882600000
0xBD7621514d07848C5f35446C35AB1C9Ecd85DBB7,0.00083997364630867800
0xBd9211FC65934f86d6be7393e7fB58a9Ee10dcBd,0.00115007772294399000
0xbddBa90376e60470c53719816589Eb5918D1D2C5,0.00043958553731828700
0xbDe8Fc6c5aB51A210fd249c1f516AEc340E4A0F0,0.00257619417120348000
0xbE09EbCB9c02342c3C94c7a3DF8C9ce586e6F629,0.02597262465251470000
0xbE1300a61092bb5d8ed92a89285eF0E0f0997f40,0.37136171967922600000
0xBe4012C8180669C809330Cf5800d0752250db3e9,0.49012667006573300000
0xBE56e373C28FE39561146d52F5bBcdC7695751E9,0.00001972944939479640
0xBF3a499FfaC528B0bBF4a70Ea7ddBc4b60DBd8D1,0.00001997221321370190
0xbF45974D2F19fF56beaa57e383bC2a0CC0891Ded,0.00382297487105568000
0xbF552dbBB0CBD85bd5dA3a1182AE3EF2bf9A1C15,0.00001997210534568320
0xBF6A7cC007479b096D877C615e12Fa1Bd2f0F3C4,0.00004119115061151790
0xBF6D8a7664AdB6631066FAd1180F5B087185F6d2,0.00002079136385560460
0xbf82887e80F4fF9B5002a7DFDdC1Fc2d803582f3,0.00166720373229140000
0xBfe09443556773958bae1699b786d8E9680B5571,0.00156375401598742000
0xC002440acA0438738bd87b1a93Dc4Eb86903D6Ca,0.01640277267118870000
0xC020a3C73Fc97264a33f957c906a681Ee16eCeF6,0.00466382217737693000
0xc03F58A1e27515dBfA87539AA8a6d2046C61bc1b,0.00097266571321797500
0xC0B4B3aD82Ca1Ac207be00671185d4fEc770087D,0.00001995428155031800
0xc0bBdE2496aA641384ed7dA1Eb963Fb2AFB298ed,0.02236549156770470000
0xc0e1E00E23c1528A38f79cF349d23223FAE3Ef8b,0.01319715496795720000
0xC104101E06a9B6669E401574665C656B9f4a9117,0.00253421896240539000
0xC15daa57A0EC918a914a15893101A246C5E3A5C0,0.04030717195334900000
0xc1C2D74f262BD38219e197C223cbee93EcfF7DA0,0.00038223951602867700
0xc1d1742bBB0c0Dd61C9E4cfC137B59B1a8f55B90,0.00001527223297337860
0xC1e0b34D5c8E9D05a4CA4A46252fC4fFa53Ebb83,0.00002082346137864090
0xc2031F743ABb502EFa49ea5f17488EC52AAf196f,0.00002063952505202600
0xc234964cf4dE09d252AFe31354F60bAFF836604d,0.09547395544548400000
0xc244c4D457C7450949B63F3c377207A1C60A6Ec3,0.00119867774488605000
0xC292EAFd5422A9c961CC2630CbDDf04c93Db33bD,0.38527437509256900000
0xc2a622b764878FaF9ab9078aD31303B24Fd4b707,0.02249019343195840000
0xc3719400C67E4075C4103EA3f4Ae845fF55e5A76,0.00002106429479570600
0xC38E60cd600aEb815Dd3b5f4c1C545a0D3321444,0.01245049930536130000
0xC3b9cd04560f34049b168Eb5D483270596f87230,0.51654308461634600000
0xc3bA02A6DECdfF229E6df2A772Ad3f392E2A64C3,0.01560994884594080000
0xC4213ffb2c152fd9687bBDb97b8F49A307Ad9a47,0.00054061587890988000
0xc42F0B1330aA4fb7f47c667C5CFCAe2B33206688,0.00001802088495500460
0xc43e5C94f0fCf442Db226aB78F4985607d366052,0.00788712392929345000
0xC4A69a0f798291c67fF74B0a96b2B68A8A09e1A9,0.00002053560688465630
0xC4D784B248b9a4f31941882fd8A5bCD332A39883,0.00002083892823340650
0xC54e1B4be5F608751F870a00402138271266268d,0.01636577099445800000
0xc550311D24592962a512e8745919e9De4f264727,0.00002052558862395820
0xc59c8151eA90eB4D3bfC6c3ae13706fcD5775818,0.01290239335378940000
0xc62317716CCfff2100850f1D4Dc36b0323773999,0.00083906401073888800
0xC667ada0DC68A372eedB3734EA053f001f1271Dd,0.00001995422812069440
0xC6cdDDC68202dccF0C66837DB0d1C7Df289cE92e,0.33503738884398400000
0xC71819B6A46987AF42Cf76D466535605F2913e50,0.02600512871021240000
0xC71987D3A9c1abe6ac2Ac0aeC87e1175D3962A46,0.00001985284510195730
0xC725fc992DD6e49D2BB50aDd496128e21ABa77cb,0.00002007573578492550
0xC74f143047D3f02d6432ad979669878A9Dd233C8,0.00000003514645260040
0xc753f48379A242ad90c0690700E7Db0bb2E93413,0.00002134752310839540
0xc7A62890DfEeb940fD7E8F0E57693f3F9B19b420,0.00001952709390592940
0xC8831DA607CDb0D5E062D9f798965574A86D027E,0.04384758225870130000
0xc8c9d0e8571db8ef48EE56e085DB4A8A1712f2a0,0.00002079886280899420
0xc8D8CcEbd95b7fF5C30292fFD2D2f5b6ec1B5A72,0.00002055959751890740
0xc92c4df3DD076d3ef60f2c6C533eE16616F4d8A5,0.00510734335162949000
0xc939fFF7bd2F17b462cC9CB4f25cDC8780EDD908,0.00002063991771613550
0xc962Ba9a1a45B79C1228636db5a6eFA4a4b75D76,0.77655244078206100000
0xC98fD7830806982E77422D2E9029c4DD236d9D0a,0.14722332716472700000
0xc9DB2521343cF66B81cbbd889F5370d08C4CBe0E,0.00000015091833392620
0xcAA43Da67191804c3852A027fEFc363b801Ff824,0.11308520009904600000
0xcb1B609958e6f02314869a67bebd25ffB719e84c,0.00305693269737446000
0xCb6a1FF7AabBE2AFCEB4f7C5A6eC7Ded94506C50,0.49577410421533500000
0xcB6bF41fD062eA3c56026450221CC661cb25d5a6,0.00083857442288879300
0xCb923a4CB9e1EB163b942032fbFCDFd849e209a7,0.00001942787601909040
0xcbBb123936D627d91e9b41455B4eC9715B433333,0.00045936000484134300
0xCc27dc254d5c6Ebc069644469737e4C634890940,0.00001995425726606280
0xCc7344760e83E78C2c160257Da52Ec9fA9Adb959,0.00002080092511061300
0xccFF4fFFEdc6FE2679734E0b94B40b215d772652,0.00002054391328726900
0xcd8F1677d28A0f1fBC27D0760F22ae5384257680,0.00420999336532128000
0xcE2b25158885eaF234561b67EcD18057495590c9,0.00001939915027269550
0xcE4Cf9dEB8422ee79ED13fF98aF5b4ac73bcCAA2,0.00000027863953960900
0xCEa0B1F9379610bF96DA31149DEb54DF468C7664,0.00002053551385609890
0xceb638A3DD2CD569992c3D92dB9433fe90987E5b,0.02868850872197630000
0xCf23742d078f4122BFA2abA666Ed5a29dbe279c4,0.00949378364790909000
0xcF8A0e9930acAE22aDF545cC3Baf5Dd98F0c8E55,0.00173790934143959000
0xD0243Ea0e33dc2c58FC501a81cf6Eb234A284c4c,0.29291654418476800000
0xD02E69A07C66c9e5B920CE449f558Ad9AAA9Bf7a,0.00673454142479641000
0xd09065b41d01A55b820cdB7c2D9A22B3bf4A3ce7,0.00141199343470567000
0xD0Dd260405000aF469F99C7b6F7886Bbea6B7a25,0.00522065061890671000
0xd12aB752C00C7b18dbBaBd55F3670b4BBA0a44DF,0.00083993827430000200
0xD193B31a7304D02d876E427cF7e17C8cf28463e7,0.00144351599231751000
0xD1FC7621BA601a4032fdc2e9c961B6028632Bb86,0.03945859891833590000
0xd237b98B2c507A4B7A231e6B2D444CDd3092d8FE,0.00002091418724854360
0xD25665948B2757cAE16b12038ab6009c8a954b5d,0.00268401586756747000
0xd2f91CB4854A039a28e92Db450f58D7626336aFD,0.00002006912097899740
0xD301b2FA0864663196498e0037bEf4eDEB786242,0.48800804856822100000
0xd36bD00Cc82A3f5b4Dca3b31174Ad503F70C174c,0.00001981153650183840
0xd36cB64aCD5785124CaeDbd9f9A19E043eb3507D,0.00002112466143548560
0xd37CADbffd63C0D4DB739671c3f8ff52dfA70B9a,0.00178413069432394000
0xD3a6BC5372cCE7067EB3F696780459A6A25c0702,0.00001955265410230010
0xD3c34571d6E40c902A85aF6643239722be891980,0.00002051880569934130
0xD3d0Ee21585138c75Eae8a07479f6179737b4965,0.00635843184296067000
0xD42f7148D63e567126f3F436B745C3ADa2F2aFA6,0.00002544978269400450
0xD48A8e3832930F55591E5Bef4dDfE7730D88289A,0.00002053560680058780
0xd4B45D574045a0a2024014D84f534Be4AAf76009,0.00001950133613374840
0xd4DC77165051bc2AeAdFf2C8A681B87163E47820,0.00002424467930233900
0xD5a7a1C6757D59fED9923CE814364d0699f7a388,0.04572269988344730000
0xd5CfF298A7f6983e4d6733d61cA0087aa5A35F19,0.00002077405822708940
0xd5dB7f329d78dCCC31D1394C4dB884A575E18801,0.01598690983546510000
0xD5FFeEBeBeE933A70a858DD6b2b68BC45239fd1A,0.00002132504516634890
0xD60723a00d6EABaE0da0A398c371C9d0F3a9F289,0.01543998434817080000
0xD6137fE836531e08B74ec02e748589ce3767AB1A,0.00002051853909899460
0xd64193c98D5A5A55e8f313ecFe3643890a95859f,0.00043960968894461800
0xD64dd7F85a192c6B98CE244a3f14D65B2eF4f4a2,0.00658506954211669000
0xd669ccE1335664c906EF4D129493678240837411,0.00025339271624878000
0xd6d4a6610e823B91a3d4394eAB6130Fc026e85B4,0.15036874810064700000
0xd70E817dEF10e22Bc3256Ae95dd0a79c44A23D7E,0.00002005798385908020
0xD78fb850E668199F351D3C1ADd1BC1623B7373eB,0.01414717170107770000
0xd790A9816D3003EAd7F108cD1D4C90609D9CC318,0.00654420537763772000
0xD8dA2Ae82fDE994918e1DB17fc5160c38725609B,0.02218878086838170000
0xd907a93Fe14B6333E7D49C6EDe4210fFe9CEC188,0.00064373943495470300
0xd96715347688cD58d9075df7199c0E04E7dff234,0.04073861426605680000
0xD969C2281c31ea4bDE0548682CB2A5A3AFCc693d,0.01330518841194230000
0xDA190609cE72374587Ae8242AcfB2529757092Fb,0.00497566871167393000
0xda349a9aD75c101Ebed6dc907c464693Fd115c1C,0.06015417183878830000
0xDAadb1A87292bf175B169e5c2c8868B17e32215B,0.01007084147744080000
0xDAe6eaF250e4F4d89fb90b404964CBdeAFAD7aD2,0.01758158162404960000
0xDaf7d144385ddC1f460AD3ED077b3d7Fa47D7378,0.03281614358297450000
0xDB5DeB515fD1c41243BDC20125474a138528A8a0,0.01233054678238860000
0xdbaCC5C47cee898c12718813eA8AA2E18B36DCB7,0.00043956162387285400
0xDBb6bC3b01d65eA15E6ac919461D9A7E9Cd4f015,0.00523514189279713000
0xdbEFfB22D1B4ce925D75e53d8e3908704755a0F7,0.00497566871167398000
0xdc4489E2497a2824100FB9c98F24303f1041A050,0.06110757437414030000
0xDc593ab546E05Cb56A10FBeCab754c0fe286b8d7,0.00002102623732430100
0xdCF1Bb6B68F805dfbF4689EE179139874498A91d,0.01050937792226590000
0xDE5FD8D8058499af898170F3549a7C364061F634,0.00002066448807080880
0xdeBf4fDa62618b4Dc18dB8e0c7Da3905799665e8,0.00544773528273393000
0xDee34c016de863240A36493a2791e20b7c61040b,0.00002101195121256220
0xDEF1db3F40f3e69aE88B89B9dF0C7cc2DdFa52C4,0.00002059198622648160
0xdEFd734b9aDF829244Dd9b1B13a9916C6937F348,0.00001997832794613020
0xdF50a8DE48F16c9B0E8d9E155Bc190E9c4254958,0.00002078410142642970
0xDF6DC561015DeCc60D1D136dfc3875003EA0DE27,0.00084253428928142600
0xDFb4c2FBd89B6Eb647cFaBb2151AD7A27347F6Ee,0.00043951934044368900
0xdfc39EabF62194Ffcde104398026887C48105e45,0.00277048398500788000
0xE00805B40989e61597B4Eb026522E92623aec2D0,0.00001997832421826670
0xE020Df44BC9e47A233F40582842500f8f679B6fB,0.19818216991426200000
0xe02516544d3Fdf6246fD861368a40046fdE06ffD,0.00002059172957680360
0xe113E373D697f64b8a64CC10151445619895b577,0.00060204270480973900
0xe1c52f56714276420a7800b5B03033B41Fbaa554,0.00002067145004448670
0xE20017347df47c2d43d7E9dc435003B9440E04fF,0.02987919038871350000
0xe21A26684dfDcb40F5Dddd1700E9f78b86eE4d9D,0.00001883666042833950
0xE2aB34001a4d92837AEC9B5177dC3cdcF57Ca72B,0.00002077883544348900
0xe2C191C15c3924048fE5e2b5FC6f68906032C6FC,0.01709319415386280000
0xe2D74f5B59E795D2eEC307499f49BB0480995323,0.00002078336458380360
0xe386547A4AE82DefF58263f648308999903295a3,0.00043953755578984700
0xe3a2A53E6BC71Bc5Ec34313b5aa783F4733bC419,0.00701573957974510000
0xe3c48d15784168d620Afb4aB0A1e5bf8fdb8A19f,0.00440908046587237000
0xe3d6E11D567e2c3b4f81BEB0c9fc42cC84B398a3,0.00287900870992729000
0xe3e5D5DD3B55A836F40E1c1CF6Ba006029323943,0.00001287779212785900
0xe43192C078E391D6243e7e45828C0669162bB9e7,0.40728558243919900000
0xe4410A71Cc7B785Ce950bF81E4926616069B0CeD,0.69855989111013300000
0xE4B2842f1ccB6d21cE31dA7dCe66c22D68882C92,0.00001977440156562640
0xe4f028e9126E97f6bE38Cae0787Fb3782BCa0FFd,0.00043924990619185800
0xE5476721db576AD7541389325a03747A8786Aeff,0.03395419887458810000
0xE54e7bb107a888543e0692044c848c60b7Df457A,0.00004584068022448510
0xe5edA7c0464a456443879DF43Bbb41585e5688Aa,0.00083776897841814300
0xE65111375919D925A61D3c4B28E637Ba943Ffce3,0.00566728399473098000
0xe674214E203795E412F181D10E68f21A75657401,0.00001987653325130980
0xE67ba1bB7F6365f1CdDA799E7d56568456D41A6A,0.00084017298119261300
0xE6c4291E44D84c12891a8098a8A5aF211795C437,0.00673148861153445000
0xe6C719082D655c24537fb2BDf8AcE621DFd154D9,0.00002081937122109630
0xe7771e755344b12bd856526Ed447A145838B41f5,0.07733314487762370000
0xe7996D8277426873120FCd19fD59dC448024CD32,0.00043959382242673200
0xE89bC34795a03BA7fEF80832F62e5d1184cF3365,0.01245088030843620000
0xe8d96591def91E2D53Adc77c41D137f68e980B22,0.00001997599758096150
0xe8f7Fc4104F7dC8Ce6E9E30714d90cF048a665A0,0.00003903123653695590
0xe91Cb09Bb831D630ECE7148a92A15A874Eb3CdF7,0.00002052561071565890
0xe91D7D4f84BC53fD795Ac7437bA28D96f238c3A8,1.53574230963498000000
0xe9443F635A1D921E960ce9cb164761aCe69C3743,0.00002102641500794840
0xE97A02582A9158E43BC3c703fB2DEB652F081bBd,0.23384993222947100000
0xeA65C029df6bb431b876f1C250bF66d12171553B,0.00002083829527046880
0xEa99A5f1E61f799fdEc1A85a64B87590F30a9848,0.00003976511663775830
0xEad8a1Cf44389AE721BAf399188a2a0A8d2EB246,0.00245809066659395000
0xeAe9DcdF5D4f226B4D4bAD8950D585Aa95761B7B,0.00025340254134025900
0xeB0503F5075bBCF5D70499149D9a8bc466b7cafC,0.04793598527312270000
0xeB174082C91C23d17C1c606641E1Cd3cA479E436,0.00209375970908308000
0xEb25b114ae0A7F72fbd3481057Acf20C9640b7a0,0.00001997831455571610
0xEB4f1326829115897c16Fcb762F0f0c937D66C93,0.00001972943725439700
0xEB5546Da876fa04F433Aa21A4593d230b8972450,0.00002472812126302510
0xeC42145Bc158b4A7a82a0cae946109eC4F356EAA,0.93352134485446400000
0xecB496F58674D74Fd9c55c2FBA7E6cd80Acc2009,0.28005928171640100000
0xECC80F7897144cFB97D0dadF6d81db9ee26F1F8D,0.02354291056064340000
0xEce1E764c0e58729650f8191258998f317E4C3F4,0.00002080979083770730
0xece81706f6C9a72880D30DA861a05696CCc51a0e,0.00766176641853159000
0xEd9490Eb47478b11e0c6352446Fa70542a093ef5,0.00323681065025627000
0xeE4182441bb06A5fdEe4c31850315327DEfcaaf0,0.00001989742672986170
0xee79dc76EB20a2127040ffF07df58840C477CeC6,0.00025332335017447300
0xEec55E42B5d1aDb1Af0fCf34916C45fA0Fc29f0d,0.00646683290700787000
0xeEDCf2a1A654cF2D0B9415854243651Ae557b8D8,0.00002082359513129190
0xEf436E096bF43fC019A84744a400f03683A37B31,0.00002114375127304850
0xf0205E6d5AB169081DF01f83023209e4E94D1B4e,0.00874193042462242000
0xF023513480a1A8AE7eC8d133899417c8B91b3fF9,0.00001988248929812490
0xf0e13bddd8580fca08B40F6dB57705Ae16c8505C,0.00002063959049525380
0xf107B151d6FAEc6E8bfC6fA016C9dCc0B714EEc1,0.01288855144098560000
0xF115c7Cf5BbaD260c7eD49D51cF87121E86A30D6,0.00002085672112544850
0xf1c4f15e82C107b3059a8E66e03D483533137ca3,0.17022726328478600000
0xf23b7EB54E0FDbBa54D9620C8E7b846Ed9F46294,0.00001937809898368000
0xf23e11279509BC19F1BEa11fb7e3EE541bc80BfF,0.00001999106156508950
0xf244eA81F715F343040569398A4E7978De656bf6,0.00024586678283158400
0xf24Ef8a79dE8456a1bA99124D8DEF67b2EDf577c,0.01067449679324050000
0xF2878a21d7EA99CE902071A40d4b1C8028648038,0.00002080067408535060
0xf288df7003Bab8D9aCc31b0B259AC5E289459FE6,0.00001941313116433050
0xf2F835dDdA97F91741f3722901FBE0fd13388e26,0.22308638849213200000
0xF33df158E85C322e29997968cF6f95aFF3250eD1,0.02772518447338570000
0xf3472174fa006A0bed9319651D624bC5B938dE19,0.00426477568650384000
0xF35bae3D095d4472EDeB9fbE7eFDFfD578fA7106,0.00001988258048831790
0xF3a2aa053f7A7098287C6175eBfAcFa9995Da819,0.04832725723037680000
0xf3AAf1248CAF66614045A56F29Bde94AfF6134f6,0.00473419275024283000
0xf42E16a262C41D5a39107B5958ed6377F2C1FeFC,0.03599665888426490000
0xF45eFdAbEE22C6205d2F81151eaf86227107F64B,0.00321660794158508000
0xf46D1cd85f8fc62F1DDd75F3C2aaB86b0E8445cf,0.00002096735042992630
0xf504b2BcB9125E3d5243460999668d79F38f9647,0.00699181645981935000
0xf5281323F1D7E25D332eb0ABBC4dCfA9B545251b,0.00871847928936540000
0xf5433ADa2b03Db0380D8566Be17BC739d8a6e1Cc,0.00413056546110753000
0xf559C930e0Ab373f5e596b643d14Cfaa5a69389C,0.00356561619983778000
0xF58c8457223C17501Cd8b6E262A835CaEe4A9259,0.00001995427187163900
0xf598FdA39E2DD32517D83d7195EF174e139ac088,0.00899937885723707000
0xf622101E8f0e955ed714799aD17c21992c8F243b,0.00644600276104621000
0xf64416860e74091E180FE0319cdE479BA112A899,0.01364320109905930000
0xf669A5B8C6D9E26C4174679d989DBE6F111152b7,0.02483124083759320000
0xf6CE5012CDA535fFFc151e6C4EE5a0Dfb851bbC8,0.00404797877007482000
0xF70Fa1b8443c620CA7d43a9d17F4bDe8B09031CC,0.02417224872692770000
0xf710431e368A1B32fF9d6Fde9E2504ABdbDaB7A6,0.00001883666042828640
0xf728B6824110deF33c4f2696D1aB0098e8c6081f,0.01495996619789210000
0xf770e0aABb915b0b485cf39882cE00a0F0660A46,0.00564109927499171000
0xf7Bce9f89B374FD9322137B398257e62229C2618,0.00002072870928005460
0xF86EDe8e7505B0D2dC11fBce6147E9d65cd6adAa,0.00000013935651475640
0xf8b00EB9eA7Df873f0C5Ecc8f96940Fdd7415d20,0.00002127267150950370
0xF8e18F3Ee32Ce9f83f9711660160B7e3CB963a63,0.00001883666042833950
0xF8E7cFDD55538f81E7ED111FCF40482541261FB0,2.16906005222084000000
0xF91732Ed6a4eDF3B3B0653524e94830be38FA97f,0.00057659771962111900
0xf959ca6303FeC923067b41973d209e4ca77cbE71,0.00578854030988827000
0xfA6cA04E09D4A62FA2065032dF4a717CF6fFc813,0.00002081035215931100
0xFaC3976BaF284F90d5C4F4Ce1a9E70ef75518a53,0.00004121635824267890
0xFACCAd8c2880adfdF2badCFCBc076DE9A6b1E57e,0.00001989738726681850
0xFB0f3822a08ae4eAfD3d41056582B394e2Cf1FB8,0.00001989734780397140
0xFC6ac6abEDbD2207Ed7E99A78DC643Ce23e632e1,0.00001981853432579620
0xfC741A9e5d9E375A573673Df08dE81B0fFEf2387,0.00002068306028701630
0xfCEc007875D1B4C9679E7aD1fD2277B84c39ECFd,0.00062903294589876000
0xFd86D28a6dF8635C47AF7c6Ac5597893070D6336,0.01661219781563320000
0xfDcbD01ea0bb22Ea11Fa44b6C9E220c77BA319E1,0.00001972940083322150
0xFDfE2328fa668651C5a2Ddfa9297838d005b850B,0.00002064887488665010
0xfe791B87F607AE6BE8449e64d393c91be46a1245,0.00847085127551851000
0xFf2357963D6eA5139175c26aD88CEcBD2B273dce,0.00059634797649038300
0xffd1bC6b2a0a739AE425755a3704B8Be9811CB65,0.00169829017005829000
